Virus name	Accession ID	Collection date	Location	Host	Additional location information	Sampling strategy	Gender	Patient age	Patient status	Last vaccinated	Passage	Specimen	Additional host information	Lineage	Clade	AA Substitutions
hCoV-19/Romania/214079/2022	EPI_ISL_15296089	2022-08-22	Europe / Romania / Bucharest	Human		Sentinel surveillance (ARI)	Male	66	Live		Original	Oropharyngeal swab		BA.5.2.1	GRA	(NSP5_P132H,Spike_H69del,NSP3_G489S,Spike_L24del,NSP4_T327I,Spike_S373P,Spike_N969K,Spike_H655Y,N_R203K,Spike_V213G,Spike_G142D,Spike_A27S,Spike_Q954H,N_P13L,Spike_P25del,N_R32del,NS3_T223I,Spike_T19I,M_Q19E,NSP4_T492I,N_G30del,M_D3N,Spike_N679K,Spike_N764K,NSP6_G107del,Spike_D796Y,N_G204R,N_S413R,M_A63T,Spike_S371F,Spike_K417N,NSP13_R392C,Spike_T376A,NSP6_S106del,Spike_G339D,Spike_R408S,NSP14_I150T,NSP14_I42V,Spike_P681H,NSP4_L264F,NSP3_T24I,NSP1_S135R,Spike_S375F,Spike_D405N,N_E31del,NSP15_T112I,NSP6_F108del,E_T9I,Spike_V70del,Spike_P26del,NSP12_P323L,Spike_D614G,N_S33F)
hCoV-19/Romania/214944/2022	EPI_ISL_15296090	2022-09-20	Europe / Romania / Bucharest	Human		Sentinel surveillance (ARI)	Female	60	Live		Original	Oropharyngeal swab		BA.5.1.5	GRA	(NSP5_P132H,Spike_H69del,NSP3_G489S,Spike_L24del,NSP4_T327I,Spike_S373P,Spike_N969K,Spike_H655Y,N_R203K,Spike_V213G,Spike_G142D,Spike_A27S,Spike_Q954H,N_P13L,Spike_P25del,N_R32del,NS3_T223I,Spike_T19I,NSP4_T492I,NS3_V256del,M_D3N,Spike_N679K,Spike_N764K,NSP6_G107del,Spike_D796Y,N_G204R,M_A63T,Spike_S371F,Spike_K417N,NSP13_R392C,Spike_T376A,NSP6_S106del,NS3_P258del,Spike_G339D,Spike_R408S,NSP14_I42V,NSP4_L264F,Spike_P681H,NSP3_T24I,N_S33del,NSP1_S135R,Spike_S375F,Spike_D405N,NSP2_P191S,Spike_P1263Q,N_E31del,NSP15_T112I,NSP6_F108del,E_T9I,Spike_V70del,Spike_P26del,NSP12_P323L,Spike_D614G,NS3_N257del)
hCoV-19/Romania/214668/2022	EPI_ISL_15296091	2022-09-06	Europe / Romania / Bucharest	Human		Sentinel surveillance (ARI)	Female	64	Live		Original	Oropharyngeal swab		BA.5.2	GRA	(NSP5_P132H,Spike_H69del,NSP3_G489S,Spike_L24del,NSP4_T327I,Spike_S373P,Spike_N969K,Spike_H655Y,N_R203K,Spike_V213G,Spike_A27S,Spike_Q954H,N_P13L,Spike_P25del,N_R32del,NS3_T223I,Spike_T19I,NSP4_T492I,M_D3N,Spike_N679K,Spike_N764K,NSP6_G107del,Spike_D796Y,N_G204R,Spike_T478K,N_S413R,M_A63T,Spike_S371F,Spike_K417N,NSP13_R392C,Spike_T376A,NSP6_S106del,NSP13_T127N,Spike_G339D,Spike_R408S,NSP14_I42V,Spike_P681H,NSP4_L264F,NSP3_T24I,N_S33del,NSP1_S135R,Spike_S375F,Spike_D405N,Spike_Q498R,Spike_S477N,N_E31del,Spike_T307I,NSP15_T112I,NSP6_F108del,E_T9I,Spike_V70del,Spike_P26del,NSP12_P323L,Spike_D614G,Spike_L452R)
hCoV-19/Romania/214780/2022	EPI_ISL_15296092	2022-09-13	Europe / Romania / Bucharest	Human		Sentinel surveillance (ARI)	Male	32	Live		Original	Oropharyngeal swab		BA.5.1	GRA	(NSP5_P132H,Spike_H69del,NSP3_G489S,Spike_L24del,NSP4_T327I,Spike_S373P,Spike_N969K,Spike_H655Y,N_R203K,Spike_V213G,Spike_G142D,Spike_A27S,Spike_Q954H,N_P13L,Spike_P25del,N_R32del,NS3_T223I,Spike_T19I,NSP2_S122F,M_Q19E,M_D3N,Spike_N679K,Spike_N764K,NSP6_G107del,Spike_D796Y,N_G204R,M_A63T,Spike_S371F,Spike_K417N,NSP13_R392C,Spike_T376A,NSP6_S106del,Spike_G339D,Spike_R408S,NSP14_I42V,Spike_P681H,NSP4_L264F,N_S33del,NSP1_S135R,Spike_S375F,Spike_D405N,N_E31del,NSP15_T112I,NSP6_F108del,E_T9I,Spike_V70del,Spike_P26del,NSP12_P323L,Spike_D614G)
hCoV-19/Romania/214939/2022	EPI_ISL_15296093	2022-09-19	Europe / Romania / Bucharest	Human		Sentinel surveillance (ARI)	Female	76	Live		Original	Oropharyngeal swab		BA.5.1	GRA	(NSP5_P132H,Spike_H69del,NSP3_G489S,Spike_L24del,NSP4_T327I,Spike_S373P,Spike_N969K,Spike_H655Y,Spike_V213G,Spike_G142D,Spike_A27S,Spike_Q954H,N_P13L,Spike_P25del,N_R32del,NS3_T223I,Spike_T19I,M_Q19E,NSP4_T492I,N_E136D,M_D3N,Spike_N679K,Spike_N764K,NSP6_G107del,Spike_D796Y,NSP9_T21I,M_A63T,Spike_S371F,Spike_K417N,NSP13_R392C,Spike_T376A,NSP6_S106del,Spike_G339D,Spike_R408S,NSP14_I42V,Spike_P681H,NSP4_L264F,NSP3_T24I,N_S33del,NSP1_S135R,Spike_S375F,Spike_D405N,N_E31del,NSP6_F108del,E_T9I,Spike_V70del,Spike_P26del,NSP12_P323L,Spike_D614G)
hCoV-19/Romania/213944/2022	EPI_ISL_15296094	2022-08-19	Europe / Romania / Bucharest	Human		Sentinel surveillance (ARI)	Male	61	Live		Original	Oropharyngeal swab		BA.5.2.2	GRA	(NSP5_P132H,Spike_H69del,NSP3_G489S,Spike_L24del,NSP4_T327I,Spike_S373P,Spike_N969K,Spike_H655Y,N_R203K,Spike_V213G,Spike_G142D,Spike_A27S,Spike_Q954H,N_P13L,Spike_N501Y,Spike_P25del,NS8_S67del,N_R32del,NS3_T223I,Spike_T19I,M_Q19E,NSP4_T492I,M_D3N,Spike_N679K,Spike_N764K,NSP6_G107del,Spike_Y505H,Spike_D796Y,N_G204R,Spike_T478K,M_A63T,Spike_S371F,Spike_K417N,NSP13_R392C,Spike_F486V,Spike_T376A,NSP6_S106del,NSP13_T127N,Spike_G339D,Spike_R408S,NSP14_I42V,NSP4_L264F,Spike_P681H,NSP3_T24I,N_S33del,NSP1_S135R,Spike_S375F,Spike_D405N,Spike_Q498R,Spike_S477N,NS8_K68E,N_E31del,NSP15_T112I,NSP6_F108del,NS8_G66del,Spike_E484A,E_T9I,Spike_V70del,Spike_P26del,NSP15_G246S,NSP12_P323L,Spike_D614G,Spike_L452R,NS8_P93L)
hCoV-19/Romania/214791/2022	EPI_ISL_15296095	2022-09-13	Europe / Romania / Bucharest	Human		Sentinel surveillance (ARI)	Male	55	Live		Original	Oropharyngeal swab		BA.5.2	GRA	(NSP5_P132H,Spike_H69del,NSP3_G489S,Spike_L24del,NSP4_T327I,Spike_S373P,Spike_N969K,Spike_H655Y,N_R203K,Spike_V213G,Spike_G142D,Spike_A27S,Spike_Q954H,N_P13L,Spike_N501Y,Spike_P25del,N_R32del,NS3_T223I,Spike_T19I,NSP4_T492I,M_D3N,Spike_N679K,Spike_N764K,NSP6_G107del,Spike_Y505H,Spike_D796Y,N_G204R,Spike_T478K,N_S413R,M_A63T,Spike_S371F,NSP3_V1522A,Spike_K417N,NSP13_R392C,Spike_F486V,Spike_T376A,NSP6_S106del,NSP13_T127N,Spike_G339D,Spike_R408S,NSP14_I42V,NSP4_L264F,Spike_P681H,NSP3_T24I,N_S33del,NSP1_S135R,Spike_S375F,Spike_D405N,Spike_Q498R,Spike_S477N,N_E31del,NSP15_T112I,NSP6_F108del,Spike_E484A,E_T9I,Spike_V70del,Spike_P26del,NSP12_P323L,Spike_D614G,Spike_L452R)
hCoV-19/Romania/214851/2022	EPI_ISL_15296096	2022-09-13	Europe / Romania / Bucharest	Human		Sentinel surveillance (ARI)	Male	1	Live		Original	Oropharyngeal swab		BA.5.1	GRA	(NSP5_P132H,Spike_H69del,NSP3_G489S,Spike_L24del,NSP4_T327I,Spike_S373P,Spike_N969K,Spike_H655Y,N_R203K,Spike_V213G,Spike_A27S,Spike_Q954H,N_P13L,Spike_N501Y,Spike_P25del,N_R32del,NS3_T223I,Spike_T19I,NSP4_T492I,NSP4_L323F,M_D3N,Spike_N679K,Spike_N764K,NSP6_G107del,Spike_Y505H,Spike_D796Y,N_G204R,Spike_T478K,N_S413R,M_A63T,Spike_A653V,Spike_S371F,Spike_K417N,NSP13_R392C,Spike_F486V,Spike_T376A,NSP6_S106del,Spike_L5F,Spike_G339D,Spike_R408S,NSP14_I42V,NSP4_L264F,Spike_P681H,NSP3_T24I,N_S33del,NSP1_S135R,Spike_S375F,Spike_D405N,Spike_Q498R,Spike_S477N,N_E31del,NSP15_T112I,NSP6_F108del,Spike_E484A,NSP13_M436T,E_T9I,Spike_V70del,Spike_P26del,NSP12_P323L,Spike_D614G,Spike_L452R)
hCoV-19/Romania/213927/2022	EPI_ISL_15296097	2022-08-18	Europe / Romania / Bucharest	Human		Sentinel surveillance (ARI)	Female	41	Live		Original	Oropharyngeal swab		BA.5.2.1	GRA	(NSP5_P132H,Spike_H69del,NSP3_G489S,Spike_L24del,NSP4_T327I,Spike_S373P,Spike_N969K,Spike_H655Y,N_R203K,Spike_V213G,Spike_G142D,Spike_A27S,Spike_Q954H,N_P13L,Spike_P25del,N_R32del,NS3_T223I,Spike_T19I,NSP4_T492I,N_G30del,M_D3N,Spike_N679K,Spike_N764K,NSP6_G107del,Spike_D796Y,N_G204R,Spike_S371F,Spike_K417N,NSP13_R392C,Spike_T376A,NSP6_S106del,Spike_G339D,Spike_R408S,NSP14_I42V,Spike_P681H,NSP4_L264F,NSP3_T24I,NSP1_S135R,Spike_S375F,Spike_D405N,N_E31del,NSP15_T112I,NSP6_F108del,Spike_G932D,E_T9I,Spike_V70del,Spike_P26del,NSP12_P323L,Spike_D614G,N_S33F)
hCoV-19/Romania/214665/2022	EPI_ISL_15296098	2022-09-05	Europe / Romania / Bucharest	Human		Sentinel surveillance (ARI)	Female	23	Live		Original	Oropharyngeal swab		BA.5.5.1	GRA	(NSP5_P132H,Spike_S371F,Spike_H69del,NSP3_G489S,NSP13_R392C,Spike_K417N,Spike_L24del,NSP4_T327I,Spike_S373P,NSP6_S106del,Spike_T376A,Spike_N969K,Spike_H655Y,Spike_G142D,Spike_A27S,Spike_Q954H,Spike_G339D,N_P13L,Spike_R408S,Spike_P25del,N_R32del,NS3_T223I,Spike_T19I,NSP14_I42V,Spike_P681H,M_Q19E,N_S33del,NSP1_S135R,NSP4_T492I,Spike_S375F,Spike_D405N,NSP8_L9F,M_D3N,Spike_N679K,Spike_N764K,NSP6_G107del,N_E31del,NSP6_F108del,Spike_D796Y,E_T9I,Spike_V70del,Spike_P26del,M_A63T,NSP12_P323L,Spike_D614G,Spike_T76I)
hCoV-19/Romania/214945/2022	EPI_ISL_15296099	2022-09-19	Europe / Romania / Bucharest	Human		Sentinel surveillance (ARI)	Female	78	Live		Original	Oropharyngeal swab		BA.5.1.5	GRA	(NSP5_P132H,Spike_H69del,NSP3_G489S,Spike_L24del,NSP4_T327I,Spike_S373P,Spike_N969K,Spike_H655Y,N_R203K,Spike_V213G,Spike_G142D,Spike_A27S,Spike_Q954H,N_P13L,Spike_P25del,N_R32del,NS3_T223I,Spike_T19I,NSP4_T492I,M_D3N,Spike_N679K,Spike_N764K,NSP6_G107del,Spike_D796Y,N_G204R,M_A63T,Spike_S371F,Spike_K417N,NSP13_R392C,Spike_T376A,NSP6_S106del,Spike_G339D,Spike_R408S,NSP14_I42V,NSP4_L264F,Spike_P681H,NSP3_T24I,N_S33del,NSP1_S135R,Spike_S375F,Spike_D405N,NSP2_P191S,Spike_P1263Q,N_E31del,NSP15_T112I,NSP6_F108del,E_T9I,Spike_V70del,Spike_P26del,NSP12_P323L,Spike_D614G)
hCoV-19/Romania/214950/2022	EPI_ISL_15296100	2022-09-20	Europe / Romania / Bucharest	Human		Sentinel surveillance (ARI)	Female	81	Live		Original	Oropharyngeal swab		BA.5.2.1	GRA	(NSP5_P132H,Spike_H69del,NSP3_G489S,Spike_L24del,NSP4_T327I,Spike_S373P,Spike_N969K,Spike_H655Y,N_R203K,Spike_V213G,Spike_A27S,Spike_Q954H,NSP3_S1682F,N_P13L,Spike_P25del,N_R32del,NS3_T223I,Spike_T19I,NSP4_T492I,Spike_F157L,NSP13_H164Y,M_D3N,Spike_N679K,Spike_N764K,NSP6_G107del,Spike_D796Y,N_G204R,N_S413R,M_A63T,Spike_S371F,Spike_K417N,NSP13_R392C,Spike_T376A,NSP6_S106del,Spike_G339D,Spike_R408S,NSP14_I42V,NSP4_L264F,Spike_P681H,NSP3_T24I,N_S33del,NSP1_S135R,Spike_S375F,Spike_D405N,N_E31del,NSP15_T112I,NSP6_F108del,E_T9I,Spike_V70del,Spike_P26del,NSP12_P323L,Spike_D614G)
hCoV-19/Romania/214124/2022	EPI_ISL_15296101	2022-08-23	Europe / Romania / Bucharest	Human		Sentinel surveillance (ARI)	Male	29	Live		Original	Oropharyngeal swab		BA.5.2	GRA	(NSP5_P132H,Spike_H69del,NSP3_G489S,Spike_L24del,NSP4_T327I,Spike_S373P,Spike_N969K,Spike_H655Y,N_R203K,Spike_V213G,Spike_A27S,Spike_Q954H,N_P13L,Spike_N501Y,Spike_P25del,N_R32del,NS3_T223I,Spike_T19I,NSP4_T492I,M_D3N,Spike_N679K,Spike_N764K,NSP6_G107del,Spike_Y505H,Spike_D796Y,N_G204R,Spike_T478K,N_S413R,M_A63T,Spike_S371F,Spike_K417N,NSP13_R392C,Spike_F486V,Spike_T376A,NSP6_S106del,NSP13_T127N,Spike_G339D,N_R209I,Spike_R408S,NSP14_I42V,NSP4_L264F,Spike_P681H,NSP3_T24I,N_S33del,N_P302S,NSP1_S135R,Spike_S375F,Spike_D405N,Spike_Q498R,Spike_S477N,N_E31del,NSP15_T112I,NSP6_F108del,Spike_E484A,E_T9I,Spike_V70del,Spike_P26del,NSP12_P323L,Spike_D614G,Spike_L452R)
hCoV-19/Romania/214943/2022	EPI_ISL_15296102	2022-09-19	Europe / Romania / Bucharest	Human		Sentinel surveillance (ARI)	Female	51	Live		Original	Oropharyngeal swab		BA.5.1	GRA	(NSP5_P132H,Spike_H69del,NSP3_G489S,Spike_L24del,NSP4_T327I,Spike_S373P,Spike_N969K,Spike_H655Y,N_R203K,Spike_V213G,Spike_A27S,Spike_Q954H,N_P13L,Spike_N501Y,Spike_P25del,N_R32del,NS3_T223I,Spike_T19I,M_Q19E,NSP4_T492I,M_D3N,NSP3_N1810S,Spike_N679K,Spike_N764K,NSP13_Y324C,NSP6_G107del,Spike_Y505H,Spike_D796Y,N_G204R,Spike_T478K,N_S413R,M_A63T,Spike_S371F,Spike_K417N,NSP13_R392C,NS7a_L5P,Spike_F486V,Spike_T376A,NSP6_S106del,NSP12_T259I,Spike_G339D,Spike_R408S,NSP14_I42V,NSP4_L264F,Spike_P681H,NSP3_T24I,N_S33del,NSP1_S135R,Spike_S375F,Spike_D405N,Spike_Q498R,Spike_S477N,N_E31del,NSP15_T112I,NSP6_F108del,Spike_E484A,E_T9I,Spike_V70del,Spike_P26del,NSP12_P323L,Spike_D614G,Spike_L452R)
hCoV-19/Romania/214657/2022	EPI_ISL_15296103	2022-09-04	Europe / Romania / Bucharest	Human		Sentinel surveillance (ARI)	Female	86	Live		Original	Oropharyngeal swab		BA.5.5	G	(NSP5_P132H,Spike_S371F,Spike_H69del,NSP3_G489S,NSP13_R392C,Spike_K417N,Spike_L24del,Spike_S373P,NSP6_S106del,Spike_T376A,Spike_N969K,Spike_H655Y,Spike_A27S,Spike_Q954H,NSP1_H110Y,Spike_G339D,N_P13L,Spike_R408S,Spike_P25del,N_R32del,NS3_T223I,Spike_T19I,NSP14_I42V,Spike_P681H,M_Q19E,N_S33del,NSP1_S135R,NSP4_T492I,Spike_S375F,NSP7_D77N,Spike_D405N,NSP3_A85V,NSP3_A231V,M_D3N,Spike_N679K,NSP6_G107del,N_E31del,NSP6_F108del,E_T9I,Spike_V70del,Spike_P26del,M_A63T,NSP12_P323L,Spike_D614G,Spike_T76I)
hCoV-19/Romania/214787/2022	EPI_ISL_15296104	2022-09-12	Europe / Romania / Bucharest	Human		Sentinel surveillance (ARI)	Male	72	Live		Original	Oropharyngeal swab		BA.5.1	GRA	(NSP5_P132H,Spike_H69del,NSP3_G489S,Spike_L24del,NSP4_T327I,Spike_S373P,Spike_N969K,Spike_H655Y,N_R203K,Spike_V213G,Spike_A27S,Spike_Q954H,N_P13L,Spike_P25del,N_R32del,NS3_T223I,Spike_T19I,NSP4_T492I,M_D3N,Spike_N679K,Spike_N764K,NSP6_G107del,Spike_D796Y,N_G204R,N_S413R,M_A63T,Spike_S371F,Spike_T250N,Spike_K417N,NSP13_R392C,Spike_T376A,NSP6_S106del,Spike_G339D,Spike_R408S,NSP14_I42V,Spike_P681H,NSP4_L264F,NSP3_T24I,N_S33del,NSP1_S135R,Spike_S375F,NSP13_T127I,Spike_D405N,N_E31del,NSP15_T112I,NSP6_F108del,E_T9I,Spike_V70del,Spike_P26del,NSP12_P323L,Spike_D614G)
hCoV-19/Romania/214783/2022	EPI_ISL_15296105	2022-09-11	Europe / Romania / Bucharest	Human		Sentinel surveillance (ARI)	Female	41	Live		Original	Oropharyngeal swab		BA.5.2.1	GRA	(NSP5_P132H,NSP13_S350L,Spike_S371F,Spike_H69del,NSP3_G489S,NSP13_R392C,Spike_K417N,Spike_L24del,NSP4_T327I,Spike_S373P,NSP6_S106del,NSP13_A505V,Spike_T376A,Spike_N969K,Spike_H655Y,Spike_G142D,Spike_A27S,Spike_Q954H,Spike_G339D,N_P13L,Spike_R408S,Spike_P25del,N_R32del,Spike_T19I,NSP14_I42V,Spike_P681H,M_Q19E,N_S33del,NSP1_S135R,NSP4_T492I,Spike_S375F,Spike_D405N,M_D3N,Spike_N679K,Spike_N764K,NSP6_G107del,N_E31del,NSP6_F108del,Spike_D796Y,E_T9I,Spike_V70del,NSP1_S166G,Spike_P26del,M_A63T,NSP12_P323L,Spike_D614G)
hCoV-19/Romania/213992/2022	EPI_ISL_15296106	2022-08-20	Europe / Romania / Bucharest	Human		Sentinel surveillance (ARI)	Female	60	Live		Original	Oropharyngeal swab		BA.5.2	GRA	(NSP5_P132H,Spike_H69del,NSP3_G489S,Spike_L24del,NSP4_T327I,Spike_S373P,Spike_N969K,Spike_H655Y,N_R203K,Spike_V213G,Spike_A27S,Spike_Q954H,N_P13L,Spike_P25del,N_R32del,NS3_T223I,Spike_T19I,NSP4_T492I,M_D3N,Spike_N679K,Spike_N764K,NSP6_G107del,Spike_D796Y,N_G204R,N_S413R,M_A63T,Spike_S371F,Spike_K417N,NSP13_R392C,Spike_T376A,NSP6_S106del,NSP13_T127N,Spike_G339D,Spike_R408S,NSP14_I42V,NSP4_L264F,Spike_P681H,NSP3_T24I,N_S33del,NSP1_S135R,Spike_S375F,Spike_G1099S,Spike_D405N,N_E31del,NSP15_T112I,NSP6_F108del,E_T9I,Spike_V70del,Spike_P26del,NSP9_T35I,NSP12_P323L,Spike_D614G)
hCoV-19/Romania/214789/2022	EPI_ISL_15296107	2022-09-12	Europe / Romania / Bucharest	Human		Sentinel surveillance (ARI)	Female	74	Live		Original	Oropharyngeal swab		BA.5.1.5	GRA	(NSP5_P132H,Spike_H69del,NSP3_G489S,Spike_L24del,NSP4_T327I,Spike_S373P,Spike_N969K,Spike_H655Y,N_R203K,Spike_V213G,Spike_G142D,Spike_A27S,Spike_Q954H,N_P13L,Spike_P25del,N_R32del,NS3_T223I,Spike_T19I,M_Q19E,NSP4_T492I,M_D3N,Spike_N679K,Spike_N764K,NSP6_G107del,Spike_D796Y,N_G204R,M_A63T,Spike_S371F,Spike_K417N,NSP13_R392C,Spike_T376A,NSP6_S106del,Spike_G339D,Spike_R408S,NSP14_I42V,NSP4_L264F,Spike_P681H,NSP3_T24I,N_S33del,NSP1_S135R,Spike_S375F,Spike_D405N,NSP2_P191S,Spike_P1263Q,N_E31del,NSP15_T112I,NSP6_F108del,E_T9I,Spike_V70del,Spike_P26del,NSP12_P323L,Spike_D614G)
hCoV-19/Romania/214850/2022	EPI_ISL_15296108	2022-09-12	Europe / Romania / Bucharest	Human		Sentinel surveillance (ARI)	Male	56	Live		Original	Oropharyngeal swab		BA.5.2.1	GRA	(NSP5_P132H,Spike_H69del,NSP3_G489S,Spike_L24del,NSP4_T327I,Spike_S373P,Spike_N969K,Spike_H655Y,N_R203K,Spike_V213G,Spike_G142D,Spike_A27S,Spike_Q954H,N_P13L,Spike_P25del,N_R32del,Spike_A701S,NS3_T223I,Spike_T19I,NSP3_H1000Y,M_Q19E,NSP4_T492I,M_D3N,Spike_N679K,Spike_N764K,NSP6_G107del,Spike_D796Y,N_G204R,N_S413R,M_A63T,Spike_S371F,Spike_K417N,NSP13_R392C,Spike_T376A,NSP6_S106del,Spike_G339D,Spike_R408S,NSP14_I42V,NSP4_L264F,Spike_P681H,NSP3_T24I,N_S33del,NSP1_S135R,Spike_S375F,NSP1_Q44L,Spike_D405N,N_E31del,NSP15_T112I,NSP6_F108del,E_T9I,Spike_V70del,Spike_P26del,NSP12_P323L,Spike_D614G)
hCoV-19/Romania/214175/2022	EPI_ISL_15296109	2022-08-24	Europe / Romania / Bucharest	Human		Sentinel surveillance (ARI)	Male	28	Live		Original	Oropharyngeal swab		BA.5.2.1	GRA	(NSP5_P132H,Spike_H69del,NSP3_G489S,Spike_L24del,NSP4_T327I,Spike_S373P,Spike_N969K,Spike_H655Y,N_R203K,Spike_V213G,Spike_A27S,Spike_Q954H,N_P13L,Spike_P25del,N_R32del,NS3_T223I,Spike_T19I,NSP4_T492I,M_D3N,Spike_N679K,Spike_N764K,NSP6_G107del,Spike_D796Y,N_G204R,N_S413R,M_A63T,Spike_S371F,Spike_K417N,NSP13_R392C,Spike_T376A,NSP6_S106del,NS6_T45N,Spike_G339D,Spike_R408S,NSP14_I42V,Spike_P681H,NSP4_L264F,NSP3_T24I,N_S33del,NSP1_S135R,Spike_S375F,Spike_D405N,N_E31del,NSP15_T112I,NSP6_F108del,E_T9I,Spike_V70del,Spike_P26del,NSP12_P323L,Spike_D614G)
hCoV-19/Romania/213813/2022	EPI_ISL_15296110	2022-08-16	Europe / Romania / Bucharest	Human		Sentinel surveillance (ARI)	Male	34	Live		Original	Oropharyngeal swab		BA.5.1	GRA	(NSP5_P132H,Spike_H69del,NSP3_G489S,Spike_L24del,NSP4_T327I,Spike_S373P,Spike_N969K,Spike_H655Y,N_R203K,Spike_V213G,NSP14_A138T,Spike_A27S,Spike_Q954H,N_P13L,Spike_N501Y,Spike_P25del,N_R32del,NS3_T223I,Spike_T19I,M_Q19E,NSP4_T492I,M_D3N,Spike_N679K,Spike_N764K,NSP6_G107del,Spike_Y505H,Spike_D796Y,N_G204R,Spike_T478K,N_S413R,M_A63T,Spike_S371F,Spike_K417N,NSP13_R392C,Spike_F486V,Spike_T376A,NSP6_S106del,Spike_G339D,Spike_R408S,NSP14_I42V,NSP4_L264F,Spike_P681H,NSP3_T24I,N_S33del,NSP1_S135R,Spike_S375F,Spike_D405N,Spike_Q498R,Spike_S477N,N_E31del,NSP15_T112I,NSP6_F108del,Spike_T1006I,Spike_E484A,E_T9I,Spike_V70del,Spike_P26del,NSP12_P323L,Spike_D614G,Spike_L452R,NSP13_A18V)
hCoV-19/Romania/214669/2022	EPI_ISL_15296111	2022-09-04	Europe / Romania / Bucharest	Human		Sentinel surveillance (ARI)	Female	67	Live		Original	Oropharyngeal swab		BF.14	GRA	(NSP5_P132H,Spike_S371F,Spike_H69del,NSP3_G489S,NSP13_R392C,Spike_K417N,Spike_L24del,NSP4_T327I,Spike_S373P,NSP6_S106del,Spike_T376A,Spike_N969K,Spike_H655Y,Spike_A27S,Spike_Q954H,NSP3_S1682F,Spike_G339D,N_P13L,Spike_R408S,Spike_P25del,N_R32del,NS3_T223I,Spike_T19I,NSP14_I42V,Spike_P681H,M_Q19E,N_S33del,NSP1_S135R,NSP4_T492I,Spike_S375F,Spike_D405N,NSP13_H164Y,M_D3N,Spike_N679K,Spike_N764K,NSP6_G107del,N_E31del,NSP6_F108del,Spike_D796Y,E_T9I,Spike_V70del,Spike_P26del,M_A63T,NSP12_P323L,Spike_D614G)
hCoV-19/Romania/214671/2022	EPI_ISL_15296112	2022-09-05	Europe / Romania / Bucharest	Human		Sentinel surveillance (ARI)	Female	18	Live		Original	Oropharyngeal swab		BE.1.1	GRA	(NSP3_V1609F,NSP5_P132H,Spike_H69del,NSP3_G489S,Spike_L24del,NSP4_T327I,Spike_S373P,Spike_N969K,Spike_H655Y,N_R203K,Spike_V213G,Spike_G142D,Spike_A27S,Spike_Q954H,N_P13L,Spike_P25del,N_R32del,NS3_T223I,Spike_T19I,NSP4_T492I,N_E136D,M_D3N,Spike_N679K,Spike_N764K,NSP6_G107del,Spike_D796Y,N_G204R,N_S413R,NSP6_L260F,M_A63T,NSP2_Q376K,Spike_S371F,Spike_K417N,NSP13_R392C,Spike_T376A,NSP6_S106del,Spike_G339D,NSP3_S370P,Spike_R408S,NSP14_I42V,Spike_P681H,NSP13_M233I,NSP3_T24I,N_S33del,NSP1_S135R,Spike_S375F,Spike_D405N,N_E31del,NSP15_T112I,NSP6_F108del,E_T9I,Spike_V70del,Spike_P26del,NSP12_P323L,Spike_D614G)
hCoV-19/Romania/214077/2022	EPI_ISL_15296113	2022-08-23	Europe / Romania / Bucharest	Human		Sentinel surveillance (ARI)	Female	28	Live		Original	Oropharyngeal swab		BA.5.2	GRA	(NSP5_P132H,Spike_H69del,NSP3_G489S,Spike_L24del,NSP4_T327I,Spike_S373P,Spike_N969K,Spike_H655Y,N_R203K,Spike_V213G,Spike_A27S,Spike_Q954H,N_P13L,Spike_P25del,N_R32del,NS3_T223I,Spike_T19I,NSP4_T492I,M_D3N,Spike_N679K,Spike_N764K,NSP6_G107del,Spike_D796Y,N_G204R,N_S413R,M_A63T,Spike_S371F,Spike_K417N,NSP13_R392C,Spike_T376A,NSP6_S106del,NSP13_T127N,Spike_G339D,Spike_R408S,NSP14_I42V,Spike_P681H,NSP4_L264F,NSP3_T24I,N_S33del,NSP1_S135R,Spike_S375F,Spike_D405N,N_E31del,NSP15_T112I,NSP6_F108del,E_T9I,Spike_V70del,Spike_P26del,NSP12_P323L,Spike_D614G)
hCoV-19/Romania/214653/2022	EPI_ISL_15296114	2022-09-05	Europe / Romania / Bucharest	Human		Sentinel surveillance (ARI)	Male	58	Live		Original	Oropharyngeal swab		BA.5.1	GRA	(NSP5_P132H,Spike_H69del,NSP3_G489S,Spike_L24del,NSP4_T327I,Spike_S373P,Spike_N969K,Spike_H655Y,N_R203K,NSP2_G339S,Spike_V213G,Spike_G142D,Spike_A27S,Spike_Q954H,N_P13L,Spike_P25del,N_R32del,NS3_T223I,Spike_T19I,M_Q19E,NSP4_T492I,M_D3N,Spike_N679K,Spike_N764K,NSP6_G107del,Spike_D796Y,N_G204R,M_A63T,Spike_S371F,Spike_K417N,NSP13_R392C,Spike_T376A,NSP6_S106del,Spike_G339D,Spike_R408S,NSP16_L163I,NSP14_I42V,NSP4_L264F,Spike_P681H,NSP3_T24I,N_S33del,NSP1_S135R,Spike_S375F,Spike_D405N,N_E31del,NSP15_T112I,NSP6_F108del,E_T9I,Spike_V70del,Spike_P26del,NSP12_P323L,Spike_D614G)
hCoV-19/Romania/213940/2022	EPI_ISL_15296115	2022-08-19	Europe / Romania / Bucharest	Human		Sentinel surveillance (ARI)	Male	37	Live		Original	Oropharyngeal swab		BA.5.1	GRA	(NSP5_P132H,Spike_H69del,NSP3_G489S,Spike_L24del,NSP4_T327I,Spike_S373P,Spike_N969K,Spike_H655Y,N_R203K,Spike_V213G,Spike_G142D,Spike_A27S,Spike_Q954H,N_P13L,Spike_P25del,N_R32del,NS3_T223I,Spike_T19I,NSP4_T492I,NSP8_D64E,M_D3N,Spike_N679K,Spike_N764K,NSP6_G107del,Spike_D796Y,N_G204R,M_A63T,Spike_S371F,Spike_K417N,NSP13_R392C,Spike_T376A,NSP6_S106del,Spike_G339D,Spike_R408S,NSP14_I42V,Spike_P681H,NSP4_L264F,NSP3_T24I,N_S33del,NSP1_S135R,Spike_S375F,Spike_D405N,N_E31del,NSP15_T112I,NSP6_F108del,E_T9I,Spike_V70del,Spike_P26del,NSP12_P323L,N_A273S,Spike_D614G)
hCoV-19/Romania/214940/2022	EPI_ISL_15296116	2022-09-19	Europe / Romania / Bucharest	Human		Sentinel surveillance (ARI)	Male	44	Live		Original	Oropharyngeal swab		BA.5.2	GRA	(NSP3_E1231del,NSP5_P132H,Spike_H69del,NSP3_G489S,Spike_L24del,NSP4_T327I,Spike_S373P,Spike_N969K,Spike_H655Y,N_G243C,N_R203K,NSP3_P1228del,Spike_V213G,Spike_A27S,Spike_Q954H,N_P13L,Spike_N501Y,Spike_P25del,N_R32del,NS3_T223I,Spike_T19I,NSP3_V1234del,NSP3_T1238del,NSP4_T492I,NSP3_S1230del,NSP3_E1232del,NSP3_V1229del,M_D3N,Spike_N679K,Spike_N764K,NSP6_G107del,Spike_Y505H,NSP4_A58V,Spike_D796Y,N_G204R,Spike_T478K,N_S413R,NSP2_Y396C,M_A63T,Spike_S371F,NSP13_R392C,Spike_K417N,Spike_F486V,Spike_T376A,NSP6_S106del,NSP3_K1227del,NSP13_T127N,Spike_G339D,Spike_R408S,NSP14_I42V,NSP4_L264F,Spike_P681H,NSP3_N1236del,NSP3_T24I,N_S33del,NSP1_S135R,Spike_S375F,Spike_D405N,Spike_Q498R,NSP3_P1237del,Spike_S477N,N_E31del,NSP15_T112I,NSP6_F108del,Spike_E484A,E_T9I,Spike_V70del,NSP3_I1239del,Spike_P26del,NSP3_V1233del,NSP12_P323L,Spike_D614G,NSP3_E1235del)
hCoV-19/Romania/214786/2022	EPI_ISL_15296117	2022-09-13	Europe / Romania / Bucharest	Human		Sentinel surveillance (ARI)	Male	55	Live		Original	Oropharyngeal swab		BA.5.1	GRA	(NSP5_P132H,Spike_H69del,NSP3_G489S,Spike_L24del,NSP4_T327I,Spike_S373P,Spike_N969K,Spike_H655Y,N_R203K,Spike_V213G,Spike_G142D,Spike_A27S,Spike_Q954H,N_P13L,Spike_P25del,N_R32del,NS3_T223I,Spike_T19I,NSP2_S138L,M_Q19E,NSP4_T492I,N_T271A,M_D3N,Spike_N679K,Spike_N764K,NSP6_G107del,Spike_D796Y,N_G204R,NSP9_T21I,NSP14_H455Y,NSP3_P1316L,M_A63T,Spike_S371F,Spike_K417N,NSP13_R392C,Spike_T376A,NSP6_S106del,Spike_G339D,Spike_R408S,NSP14_I42V,NSP4_L264F,Spike_P681H,NSP3_T24I,N_S33del,NSP1_S135R,Spike_S375F,Spike_D405N,N_E31del,NSP15_T112I,NSP6_F108del,E_T9I,Spike_V70del,Spike_P26del,NSP12_P323L,Spike_D614G)
hCoV-19/Romania/214777/2022	EPI_ISL_15296118	2022-09-13	Europe / Romania / Bucharest	Human		Sentinel surveillance (ARI)	Female	21	Live		Original	Oropharyngeal swab		BA.5.2	GRA	(NSP5_P132H,Spike_H69del,NSP3_G489S,Spike_L24del,NSP4_T327I,Spike_S373P,Spike_N969K,Spike_H655Y,N_R203K,Spike_V213G,Spike_G142D,Spike_A27S,NSP13_T351I,Spike_Q954H,N_P13L,Spike_P25del,N_R32del,NS3_T223I,Spike_T19I,NSP14_V66I,M_Q19E,NSP4_T492I,M_D3N,Spike_N679K,Spike_N764K,Spike_Q1113H,NSP6_G107del,Spike_D796Y,N_G204R,N_S413R,M_A63T,Spike_S371F,Spike_K417N,NSP13_R392C,Spike_T376A,NSP6_S106del,Spike_G339D,Spike_R408S,NSP14_I42V,Spike_P681H,NSP3_T24I,N_S33del,NSP1_S135R,Spike_S375F,Spike_D405N,N_E31del,NSP15_T112I,NSP6_F108del,E_T9I,Spike_V70del,Spike_P26del,NSP12_P323L,Spike_D614G)
hCoV-19/Romania/213823/2022	EPI_ISL_15296119	2022-08-16	Europe / Romania / Bucharest	Human		Sentinel surveillance (ARI)	Male	6	Live		Original	Oropharyngeal swab		BA.5.2.1	GRA	(NSP5_P132H,Spike_H69del,NSP3_G489S,Spike_L24del,NSP4_T327I,Spike_S373P,Spike_N969K,Spike_H655Y,N_R203K,Spike_V213G,Spike_G142D,Spike_A27S,Spike_Q954H,N_P13L,Spike_P25del,N_R32del,NS3_T223I,Spike_T19I,M_Q19E,NSP4_T492I,M_D3N,Spike_N679K,Spike_N764K,NSP6_G107del,Spike_D796Y,N_G204R,N_S413R,M_A63T,Spike_S371F,Spike_K417N,NSP13_R392C,Spike_T376A,NSP6_S106del,Spike_G339D,Spike_R408S,NSP14_I42V,Spike_P681H,NSP4_L264F,NSP3_T24I,N_S33del,NSP1_S135R,Spike_S375F,Spike_D405N,N_E31del,NSP15_T112I,NSP6_F108del,E_T9I,Spike_V70del,Spike_P26del,NSP12_P323L,Spike_D614G)
hCoV-19/Romania/214065/2022	EPI_ISL_15296120	2022-08-22	Europe / Romania / Bucharest	Human		Sentinel surveillance (ARI)	Female	43	Live		Original	Oropharyngeal swab		BF.7	GRA	(NSP5_P132H,Spike_H69del,NSP3_G489S,Spike_L24del,NSP4_T327I,Spike_S373P,Spike_N969K,Spike_H655Y,N_R203K,Spike_V213G,Spike_A27S,Spike_Q954H,N_P13L,Spike_N501Y,Spike_P25del,N_R32del,NS3_T223I,Spike_T19I,NSP4_T492I,N_G30del,M_D3N,Spike_N679K,Spike_N764K,NSP6_G107del,Spike_Y505H,Spike_D796Y,N_G204R,Spike_T478K,N_S413R,M_A63T,Spike_R346T,Spike_S371F,Spike_K417N,NSP13_R392C,Spike_F486V,Spike_T376A,NSP6_S106del,Spike_G339D,Spike_R408S,NSP14_I42V,Spike_P681H,NSP4_L264F,NSP3_T24I,NSP1_S135R,Spike_S375F,Spike_D405N,Spike_Q498R,Spike_S477N,N_E31del,NSP15_T112I,NSP6_F108del,Spike_E484A,E_T9I,Spike_V70del,Spike_P26del,NSP12_P323L,Spike_D614G,Spike_L452R,N_S33F)
hCoV-19/Romania/214673/2022	EPI_ISL_15296121	2022-09-05	Europe / Romania / Bucharest	Human		Sentinel surveillance (ARI)	Female	39	Live		Original	Oropharyngeal swab		BA.5.2.1	GRA	(NSP5_P132H,Spike_H69del,NSP3_G489S,Spike_L24del,NSP4_T327I,Spike_S373P,Spike_N969K,Spike_H655Y,N_R203K,Spike_V213G,Spike_G142D,Spike_A27S,Spike_Q954H,N_P13L,Spike_N501Y,Spike_P25del,N_R32del,NS3_T223I,Spike_T19I,M_Q19E,NSP4_T492I,N_G30del,M_D3N,Spike_N679K,Spike_N764K,NSP6_G107del,Spike_Y505H,Spike_D796Y,N_G204R,Spike_T478K,N_S413R,M_A63T,Spike_V6F,Spike_S371F,Spike_K417N,NSP13_R392C,Spike_F486V,Spike_T376A,NSP6_S106del,Spike_G339D,Spike_R408S,NSP14_I42V,Spike_P681H,NSP4_L264F,NSP3_T24I,NSP1_S135R,Spike_S375F,Spike_D405N,Spike_Q498R,Spike_S477N,N_E31del,NSP15_T112I,NSP6_F108del,Spike_E484A,E_T9I,Spike_V70del,Spike_P26del,NSP12_P323L,Spike_D614G,Spike_L452R,N_S33F)
hCoV-19/Romania/214165/2022	EPI_ISL_15296122	2022-08-25	Europe / Romania / Bucharest	Human		Sentinel surveillance (ARI)	Female	23	Live		Original	Oropharyngeal swab		BA.5.2	G	(NSP5_P132H,Spike_S371F,Spike_H69del,NSP3_G489S,NSP13_R392C,Spike_K417N,Spike_L24del,NSP4_T327I,Spike_S373P,NSP6_S106del,Spike_T376A,Spike_N969K,Spike_G142D,Spike_A27S,Spike_Q954H,NSP13_T127N,Spike_G339D,N_P13L,Spike_R408S,Spike_P25del,N_R32del,NS3_T223I,Spike_T19I,NSP14_I42V,NSP4_L264F,N_S33del,N_P302S,NSP1_S135R,Spike_S375F,Spike_D405N,Spike_N764K,NSP6_G107del,N_E31del,NSP6_F108del,Spike_D796Y,Spike_V70del,Spike_P26del,NSP12_P323L,Spike_D614G)
hCoV-19/Romania/214667/2022	EPI_ISL_15296123	2022-09-06	Europe / Romania / Bucharest	Human		Sentinel surveillance (ARI)	Female	67	Live		Original	Oropharyngeal swab		BA.5.2	GRA	(NSP5_P132H,Spike_H69del,NSP3_G489S,Spike_L24del,NSP4_T327I,Spike_S373P,Spike_N969K,Spike_H655Y,N_R203K,Spike_V213G,Spike_A27S,Spike_Q954H,NSP10_M63I,N_P13L,Spike_N501Y,Spike_P25del,N_R32del,NS3_T223I,Spike_T19I,NSP4_T492I,M_D3N,Spike_N679K,Spike_N764K,NSP6_G107del,Spike_Y505H,Spike_D796Y,N_G204R,Spike_T478K,N_S413R,M_A63T,Spike_S371F,Spike_K417N,NSP13_R392C,Spike_F486V,Spike_T376A,NSP6_S106del,Spike_G339D,Spike_R408S,NSP14_I42V,NSP4_L264F,Spike_P681H,NSP3_T24I,N_S33del,NSP1_S135R,Spike_S375F,Spike_D405N,Spike_Q498R,Spike_S477N,N_E31del,NSP15_T112I,NSP6_F108del,Spike_E484A,E_T9I,Spike_V70del,Spike_P26del,NSP12_P323L,Spike_D614G,Spike_L452R)
hCoV-19/Romania/214670/2022	EPI_ISL_15296124	2022-09-06	Europe / Romania / Bucharest	Human		Sentinel surveillance (ARI)	Female	82	Live		Original	Oropharyngeal swab		BA.5.1	GRA	(NSP5_P132H,Spike_H69del,NSP3_G489S,Spike_L24del,NSP4_T327I,Spike_S373P,Spike_N969K,Spike_H655Y,N_R203K,Spike_V213G,Spike_A27S,Spike_Q954H,N_P13L,Spike_N501Y,Spike_P25del,N_R32del,NS3_T223I,Spike_T19I,NSP2_S138L,NSP4_T492I,N_T271A,M_D3N,Spike_N679K,Spike_N764K,NSP6_G107del,Spike_Y505H,Spike_D796Y,N_G204R,Spike_T478K,N_S413R,NSP9_T21I,NSP14_H455Y,NSP3_P1316L,M_A63T,Spike_S371F,Spike_K417N,NSP13_R392C,Spike_F486V,Spike_T376A,NSP6_S106del,Spike_G339D,Spike_R408S,NSP14_I42V,NSP4_L264F,Spike_P681H,NSP3_T24I,N_S33del,NSP1_S135R,Spike_S375F,Spike_D405N,Spike_Q498R,Spike_S477N,N_E31del,NSP15_T112I,NSP6_F108del,Spike_E484A,E_T9I,Spike_V70del,Spike_P26del,NSP12_P323L,Spike_D614G,Spike_L452R)
hCoV-19/Romania/213819/2022	EPI_ISL_15296125	2022-08-16	Europe / Romania / Bucharest	Human		Sentinel surveillance (ARI)	Female	26	Live		Original	Oropharyngeal swab		BA.5.2.1	GRA	(NSP5_P132H,Spike_H69del,NSP3_G489S,Spike_L24del,NSP4_T327I,Spike_S373P,Spike_N969K,Spike_H655Y,N_R203K,Spike_V213G,Spike_G142D,NSP1_P80T,Spike_A27S,Spike_Q954H,N_P13L,Spike_N501Y,Spike_P25del,N_R32del,NS3_T223I,Spike_T19I,Spike_S98F,NSP4_T492I,M_D3N,Spike_N679K,Spike_N764K,NSP6_G107del,Spike_Y505H,Spike_D796Y,N_G204R,Spike_T478K,N_S413R,M_A63T,Spike_S371F,Spike_K417N,NSP13_R392C,Spike_F486V,Spike_T376A,NSP6_S106del,Spike_G339D,N_A35T,Spike_R408S,NSP14_I42V,NSP4_L264F,Spike_P681H,NSP3_T24I,N_S33del,NSP1_S135R,Spike_S375F,Spike_D405N,NSP3_N1264del,Spike_Q498R,Spike_S477N,N_E31del,NSP15_T112I,NSP6_F108del,Spike_E484A,E_T9I,Spike_V70del,Spike_P26del,NSP12_P323L,Spike_D614G,Spike_L452R)
hCoV-19/Romania/213997/2022	EPI_ISL_15296126	2022-08-21	Europe / Romania / Bucharest	Human		Sentinel surveillance (ARI)	Female	41	Live		Original	Oropharyngeal swab		BA.5.2.1	GRA	(NSP5_P132H,Spike_H69del,NSP3_G489S,Spike_L24del,NSP4_T327I,Spike_S373P,Spike_N969K,Spike_H655Y,N_R203K,Spike_V213G,Spike_A27S,Spike_Q954H,N_P13L,NS3_M260I,Spike_N501Y,Spike_P25del,N_R32del,NS3_T223I,Spike_T19I,M_Q19E,NSP4_T492I,M_D3N,Spike_N679K,Spike_N764K,NSP6_G107del,Spike_Y505H,Spike_D796Y,N_G204R,Spike_T478K,E_S55F,N_S413R,M_A63T,Spike_S371F,Spike_K417N,NSP13_R392C,Spike_F486V,Spike_T376A,NSP6_S106del,Spike_G339D,Spike_R408S,NSP14_I42V,Spike_P681H,NSP4_L264F,NSP3_T24I,N_S33del,NSP1_S135R,Spike_S375F,Spike_D405N,Spike_Q498R,N_D377Y,Spike_S477N,N_E31del,NSP15_T112I,NSP6_F108del,Spike_E484A,E_T9I,Spike_V70del,Spike_P26del,NSP12_P323L,Spike_D614G,Spike_L452R)
hCoV-19/Romania/213932/2022	EPI_ISL_15296127	2022-08-18	Europe / Romania / Bucharest	Human		Sentinel surveillance (ARI)	Female	28	Live		Original	Oropharyngeal swab		BE.1.1	GRA	(NSP5_P132H,Spike_H69del,NSP3_G489S,Spike_L24del,NSP4_T327I,Spike_S373P,Spike_N969K,Spike_H655Y,N_R203K,Spike_V213G,Spike_G142D,Spike_A27S,Spike_Q954H,N_P13L,Spike_P25del,N_R32del,NS3_T223I,Spike_T19I,NSP4_T492I,N_E136D,Spike_N679K,Spike_N764K,NSP6_G107del,Spike_D796Y,N_G204R,N_S413R,NSP6_L260F,NSP2_Q376K,Spike_S371F,Spike_K417N,NSP13_R392C,Spike_T376A,NSP6_S106del,Spike_G339D,Spike_R408S,NSP14_I42V,NSP4_L264F,Spike_P681H,NSP13_M233I,NSP3_T24I,N_S33del,NSP1_S135R,Spike_S375F,NSP8_L184F,Spike_D405N,N_E31del,NSP15_T112I,NSP6_F108del,E_T9I,Spike_V70del,Spike_P26del,NSP12_P323L,Spike_D614G)
hCoV-19/Romania/213998/2022	EPI_ISL_15296128	2022-08-20	Europe / Romania / Bucharest	Human		Sentinel surveillance (ARI)	Male	82	Live		Original	Oropharyngeal swab		BA.5.6	GRA	(NSP5_P132H,Spike_H69del,NSP3_G489S,Spike_L24del,NSP4_T327I,Spike_S373P,Spike_N969K,Spike_H655Y,N_R203K,Spike_V213G,Spike_A27S,Spike_Q954H,N_P13L,Spike_N501Y,Spike_P25del,N_R32del,NS3_T223I,Spike_T19I,M_Q19E,NSP4_T492I,M_D3N,Spike_N679K,Spike_N764K,NSP6_G107del,Spike_Y505H,Spike_D796Y,N_G204R,Spike_T478K,N_S413R,M_A63T,NSP16_T140I,Spike_S371F,Spike_K417N,NSP13_R392C,Spike_F486V,Spike_T376A,NSP6_S106del,NSP13_A389V,Spike_G339D,Spike_R408S,NSP14_I42V,NSP4_L264F,Spike_P681H,NSP3_T24I,N_S33del,NSP1_S135R,Spike_S375F,Spike_D405N,Spike_Q498R,Spike_S477N,N_E31del,NSP15_T112I,NSP6_F108del,Spike_E484A,E_T9I,Spike_V70del,NSP13_T58A,Spike_P26del,NSP12_P323L,Spike_D614G,Spike_L452R)
hCoV-19/Romania/214121/2022	EPI_ISL_15296129	2022-08-23	Europe / Romania / Bucharest	Human		Sentinel surveillance (ARI)	Male	30	Live		Original	Oropharyngeal swab		BA.5.1	GRA	(NSP5_P132H,NSP13_S350L,Spike_H69del,NSP3_G489S,Spike_L24del,NSP4_T327I,Spike_S373P,Spike_N969K,Spike_H655Y,Spike_G142D,Spike_A27S,Spike_Q954H,N_P13L,Spike_P25del,N_R32del,NS3_T223I,Spike_T19I,M_Q19E,NSP4_T492I,M_D3N,Spike_N679K,Spike_N764K,NSP6_G107del,Spike_D796Y,NSP9_T21I,M_A63T,Spike_S371F,NSP1_M85del,Spike_K417N,NSP13_R392C,Spike_T376A,NSP6_S106del,Spike_G339D,Spike_R408S,NSP14_I42V,NSP4_L264F,Spike_P681H,N_S33del,NSP1_S135R,Spike_S375F,Spike_D405N,N_E31del,NSP15_T112I,NSP6_F108del,NSP2_I104T,E_T9I,Spike_V70del,Spike_P26del,NSP12_P323L,Spike_D614G)
hCoV-19/Romania/214117/2022	EPI_ISL_15296130	2022-08-23	Europe / Romania / Bucharest	Human		Sentinel surveillance (ARI)	Female	36	Live		Original	Oropharyngeal swab		BA.5.9	GRA	(NSP5_P132H,Spike_H69del,NSP3_G489S,NSP4_T327I,Spike_S373P,Spike_N969K,Spike_H655Y,N_R203K,Spike_G142D,Spike_R34del,Spike_Q954H,N_P13L,N_R32del,NS3_T223I,Spike_T19I,M_Q19E,Spike_N679K,Spike_N764K,NSP6_G107del,N_P80L,Spike_R346I,Spike_D796Y,N_G204R,N_S413R,Spike_T33del,M_A63T,Spike_S371F,NSP13_R392C,Spike_K417N,Spike_T376A,NSP6_S106del,Spike_G35del,NSP6_T181I,Spike_G339D,Spike_R408S,NSP14_I42V,Spike_P681H,NSP4_L264F,N_S33del,NSP1_S135R,Spike_S375F,Spike_D405N,N_E31del,NSP15_T112I,NSP12_A382V,NSP6_F108del,Spike_V70del,NSP2_P17S,NSP12_P323L,Spike_D614G)
hCoV-19/Romania/214655/2022	EPI_ISL_15296131	2022-09-05	Europe / Romania / Bucharest	Human		Sentinel surveillance (ARI)	Female	31	Live		Original	Oropharyngeal swab		BF.14	GRA	(NSP5_P132H,Spike_H69del,NSP3_G489S,Spike_L24del,NSP4_T327I,Spike_S373P,Spike_N969K,Spike_H655Y,N_R203K,Spike_V213G,Spike_G142D,Spike_A27S,Spike_Q954H,N_P13L,Spike_P25del,N_R32del,NS3_T223I,Spike_T19I,M_Q19E,NSP4_T492I,NSP13_H164Y,M_D3N,Spike_N679K,Spike_N764K,NSP6_G107del,Spike_D796Y,N_G204R,M_A63T,Spike_S371F,Spike_K417N,NSP13_R392C,Spike_T376A,NSP6_S106del,Spike_G339D,Spike_R408S,NSP14_G481C,NSP14_I42V,NSP4_L264F,Spike_P681H,NSP3_T24I,N_S33del,NSP1_S135R,Spike_S375F,Spike_D405N,N_E31del,NSP15_T112I,NSP6_F108del,E_T9I,Spike_V70del,Spike_P26del,NSP12_P323L,Spike_D614G)
hCoV-19/Spain/CT-BST9926995217/2022	EPI_ISL_15296132	2022-10-03	Europe / Spain / Catalunya / Manresa	Human			Female	81	unknown		Original	Nasopharyngeal and oropharyngeal swab		BA.5.2.1	GRA	(NSP5_P132H,Spike_H69del,NSP3_G489S,Spike_L24del,NSP4_T327I,Spike_S373P,Spike_N969K,Spike_H655Y,N_R203K,Spike_V213G,Spike_G142D,Spike_A27S,Spike_Q954H,N_P13L,Spike_N501Y,Spike_P25del,N_R32del,NS3_T223I,Spike_T19I,M_Q19E,Spike_N440K,NSP4_T492I,NSP13_H164Y,M_D3N,Spike_N679K,Spike_N764K,NSP6_G107del,Spike_Y505H,Spike_D796Y,N_G204R,Spike_T478K,N_S413R,M_A63T,Spike_S371F,Spike_K417N,NSP13_R392C,Spike_F486V,Spike_T376A,NSP6_S106del,Spike_G339D,Spike_R408S,NSP14_I42V,NSP4_L264F,Spike_P681H,NSP3_T24I,N_S33del,NSP1_S135R,Spike_S375F,Spike_D405N,Spike_Q498R,Spike_S477N,N_E31del,NSP15_T112I,NSP6_F108del,Spike_E484A,E_T9I,Spike_V70del,Spike_P26del,NSP12_P323L,Spike_D614G,Spike_L452R)
hCoV-19/Spain/CT-BST9926995225/2022	EPI_ISL_15296133	2022-10-03	Europe / Spain / Catalunya / Manresa	Human			Female	89	unknown		Original	Nasopharyngeal and oropharyngeal swab		BA.5.1	GRA	(NSP5_P132H,Spike_H69del,NSP3_G489S,Spike_L24del,NSP4_T327I,Spike_S373P,Spike_N969K,Spike_H655Y,N_R203K,Spike_V213G,Spike_G142D,NSP16_A192T,Spike_M1050I,Spike_A27S,Spike_Q954H,NS3_D155Y,N_P13L,Spike_N501Y,Spike_P25del,N_R32del,NS3_T223I,Spike_T19I,M_Q19E,Spike_N440K,NSP4_T492I,M_D3N,Spike_N679K,Spike_N764K,NSP6_G107del,Spike_Y505H,Spike_D796Y,N_G204R,Spike_T478K,N_S413R,M_A63T,Spike_S371F,Spike_K417N,NSP13_R392C,Spike_F486V,Spike_T376A,NSP6_S106del,Spike_G339D,Spike_R408S,NSP3_A690D,NSP14_I42V,NSP4_L264F,Spike_P681H,NSP3_T24I,N_S33del,NSP1_S135R,Spike_S375F,Spike_D405N,Spike_Q498R,Spike_S477N,N_E31del,NSP15_T112I,NSP6_F108del,Spike_E484A,E_T9I,Spike_V70del,Spike_P26del,NSP12_P323L,Spike_D614G,Spike_L452R)
hCoV-19/Spain/CT-BST9926995136/2022	EPI_ISL_15296134	2022-10-03	Europe / Spain / Catalunya / Manresa	Human			Male	84	unknown		Original	Nasopharyngeal and oropharyngeal swab		BA.5.2.1	GRA	(NSP5_P132H,Spike_H69del,NSP3_G489S,Spike_L24del,NSP4_T327I,Spike_S373P,Spike_N969K,Spike_H655Y,N_R203K,Spike_V213G,Spike_G142D,Spike_A27S,Spike_Q954H,N_P13L,Spike_N501Y,Spike_P25del,N_R32del,NS3_T223I,Spike_T19I,M_Q19E,Spike_N440K,NSP4_T492I,NSP13_H164Y,M_D3N,Spike_N679K,Spike_N764K,NSP6_G107del,Spike_Y505H,Spike_D796Y,N_G204R,Spike_T478K,N_S413R,M_A63T,Spike_S371F,Spike_K417N,NSP13_R392C,Spike_F486V,Spike_T376A,NSP6_S106del,Spike_G339D,NSP14_I42V,Spike_P681H,NSP4_L264F,NSP3_T24I,N_S33del,NSP1_S135R,Spike_S375F,Spike_D405N,Spike_Q498R,Spike_S477N,N_E31del,NSP15_T112I,NSP6_F108del,Spike_E484A,E_T9I,Spike_V70del,Spike_P26del,NSP12_P323L,Spike_D614G,Spike_L452R)
hCoV-19/Spain/CT-BST9926995152/2022	EPI_ISL_15296135	2022-10-03	Europe / Spain / Catalunya / Manresa	Human			Male	73	unknown		Original	Nasopharyngeal and oropharyngeal swab		BA.5.2.6	GRA	(NSP5_P132H,Spike_H69del,NSP3_G489S,Spike_L24del,NSP4_T327I,Spike_S373P,Spike_N969K,Spike_H655Y,N_R203K,Spike_V213G,Spike_G142D,NS3_V13del,Spike_A27S,Spike_Q954H,N_P13L,Spike_N501Y,Spike_P25del,N_R32del,NS3_T223I,Spike_T19I,NSP14_V14L,NS3_G11del,M_Q19E,Spike_N440K,NSP4_T492I,M_D3N,Spike_N679K,Spike_N764K,NSP6_G107del,Spike_Y505H,Spike_D796Y,N_G204R,Spike_T478K,N_S413R,M_A63T,NS3_T12del,Spike_R346T,Spike_S371F,Spike_K417N,NSP13_R392C,Spike_F486V,Spike_T376A,NSP6_S106del,NSP13_T127N,Spike_G339D,NSP14_I42V,NSP4_L264F,Spike_P681H,NSP3_T24I,N_S33del,NSP1_S135R,Spike_S375F,Spike_D405N,Spike_Q498R,Spike_S477N,N_E31del,NSP15_T112I,NSP6_F108del,Spike_E484A,E_T9I,Spike_V70del,Spike_P26del,NSP12_P323L,Spike_D614G,Spike_L452R)
hCoV-19/Spain/CT-BST9926995241/2022	EPI_ISL_15296136	2022-10-03	Europe / Spain / Catalunya / Manresa	Human			Female	81	unknown		Original	Nasopharyngeal and oropharyngeal swab		BA.5.2.1	GRA	(NSP5_P132H,Spike_H69del,NSP3_G489S,Spike_L24del,NSP4_T327I,Spike_S373P,Spike_N969K,Spike_H655Y,Spike_R765L,N_R203K,Spike_V213G,Spike_G142D,Spike_A27S,Spike_Q954H,N_P13L,Spike_N501Y,Spike_P25del,N_R32del,NS3_T223I,Spike_T19I,M_Q19E,Spike_N440K,NSP4_T492I,N_G30del,M_D3N,Spike_N679K,Spike_N764K,NSP6_G107del,Spike_Y505H,Spike_D796Y,N_G204R,Spike_T478K,N_S413R,NSP9_R39K,M_A63T,Spike_S371F,Spike_K417N,NSP13_R392C,Spike_F486V,Spike_T376A,NSP6_S106del,Spike_G339D,NSP14_I42V,Spike_P681H,NSP4_L264F,NSP3_T24I,NSP1_S135R,Spike_S375F,Spike_D405N,Spike_Q498R,Spike_S477N,N_E31del,NSP15_T112I,NSP6_F108del,Spike_E484A,E_T9I,Spike_V70del,Spike_P26del,NSP12_P323L,Spike_D614G,N_S33C,Spike_L452R)
hCoV-19/Spain/CT-BST9926995179/2022	EPI_ISL_15296137	2022-10-03	Europe / Spain / Catalunya / Manresa	Human			Female	84	unknown		Original	Nasopharyngeal and oropharyngeal swab		BA.5.2.1	GRA	(NSP5_P132H,Spike_H69del,NSP3_G489S,Spike_L24del,NSP4_T327I,Spike_S373P,Spike_N969K,Spike_H655Y,N_R203K,Spike_V213G,Spike_G142D,Spike_A27S,Spike_Q954H,N_P13L,Spike_N501Y,Spike_P25del,N_R32del,NS3_T223I,Spike_T19I,M_Q19E,Spike_N440K,NSP4_T492I,NSP13_H164Y,M_D3N,Spike_N679K,Spike_N764K,NSP6_G107del,Spike_Y505H,Spike_D796Y,N_G204R,Spike_T478K,N_S413R,M_A63T,Spike_S371F,Spike_K417N,NSP13_R392C,Spike_F486V,Spike_T376A,NSP6_S106del,Spike_G339D,Spike_R408S,NSP14_I42V,NSP4_L264F,Spike_P681H,NSP3_T24I,N_S33del,NSP1_S135R,Spike_S375F,Spike_D405N,Spike_Q498R,Spike_S477N,N_E31del,NSP15_T112I,NSP6_F108del,Spike_E484A,E_T9I,Spike_V70del,Spike_P26del,NSP12_P323L,Spike_D614G,Spike_L452R)
hCoV-19/Spain/CT-BST9926995306/2022	EPI_ISL_15296138	2022-10-03	Europe / Spain / Catalunya / Manresa	Human			Male	72	unknown		Original	Nasopharyngeal and oropharyngeal swab		BA.2.75 (marker override based on Emerging Variants AA substitutions)	GRA	(NSP5_P132H,NSP12_G671S,NSP3_G489S,Spike_L24del,NSP4_T327I,Spike_S373P,Spike_N969K,Spike_H655Y,N_R203K,Spike_V213G,Spike_W152R,Spike_G142D,Spike_A27S,Spike_Q954H,N_P13L,Spike_N501Y,Spike_P25del,N_R32del,NS3_T223I,Spike_T19I,M_Q19E,Spike_N440K,NSP4_T492I,Spike_N460K,Spike_F157L,NSP2_T153M,NSP3_S403L,Spike_K147E,Spike_N679K,Spike_N764K,E_T11A,N_L382S,NSP6_G107del,Spike_Y505H,Spike_D796Y,N_G204R,Spike_T478K,N_S413R,M_A63T,Spike_S371F,Spike_G257S,Spike_K417N,NSP13_R392C,Spike_T376A,NSP6_S106del,Spike_F490S,Spike_D574V,NS7a_S37P,Spike_I210V,NSP4_L438F,Spike_G339H,NSP14_I42V,NSP4_L264F,Spike_P681H,NSP3_T24I,N_S33del,NSP1_S135R,Spike_S375F,Spike_D405N,Spike_Q498R,Spike_G446S,Spike_S477N,N_E31del,NSP15_T112I,NSP6_F108del,Spike_E484A,E_T9I,Spike_P26del,NSP12_P323L,Spike_D614G,NSP8_N118S,NSP3_P822S)
hCoV-19/Spain/CT-BST9926995160/2022	EPI_ISL_15296139	2022-10-03	Europe / Spain / Catalunya / Manresa	Human			Male	86	unknown		Original	Nasopharyngeal and oropharyngeal swab		BA.4	GRA	(NSP5_P132H,Spike_H69del,NSP3_G489S,Spike_L24del,NSP4_T327I,Spike_S373P,Spike_N969K,Spike_H655Y,N_R203K,Spike_V213G,Spike_G142D,Spike_A27S,Spike_Q954H,N_P13L,Spike_N501Y,Spike_P25del,N_R32del,NS3_T223I,Spike_T19I,M_Q19E,Spike_N440K,NSP4_T492I,Spike_N679K,Spike_N764K,NSP16_M184L,NSP6_G107del,Spike_Y505H,Spike_D796Y,N_G204R,Spike_T478K,N_S413R,M_A63T,Spike_R346T,Spike_S371F,NS7b_L11F,N_P151S,Spike_K417N,NSP13_R392C,Spike_F486V,Spike_T376A,NSP6_S106del,Spike_G339D,Spike_R408S,NSP14_I42V,NSP4_L264F,Spike_P681H,NSP3_T24I,N_S33del,NSP1_S135R,Spike_S375F,Spike_D405N,NSP1_F143del,Spike_Q498R,N_ins202S,NSP2_I491T,Spike_S477N,NSP1_K141del,NSP12_S520C,N_E31del,NSP1_S142del,NSP15_T112I,Spike_N354D,NSP6_F108del,Spike_E484A,E_T9I,Spike_V70del,Spike_P26del,NSP12_P323L,NS3_G49V,Spike_D614G,Spike_L452R,NSP13_A18V)
hCoV-19/Spain/CT-BST9926995268/2022	EPI_ISL_15296140	2022-10-03	Europe / Spain / Catalunya / Manresa	Human			Female	75	unknown		Original	Nasopharyngeal and oropharyngeal swab		BA.5.2.6	GRA	(NSP5_P132H,Spike_H69del,NSP3_G489S,Spike_L24del,NSP4_T327I,Spike_S373P,Spike_N969K,Spike_H655Y,N_R203K,Spike_V213G,Spike_G142D,Spike_A27S,Spike_Q954H,N_P13L,Spike_N501Y,Spike_P25del,N_R32del,NS3_T223I,Spike_T19I,NSP14_V14L,M_Q19E,Spike_N440K,NSP4_T492I,M_D3N,Spike_N679K,Spike_N764K,NSP6_G107del,Spike_Y505H,Spike_D796Y,N_G204R,Spike_T478K,N_S413R,M_A63T,Spike_R346T,Spike_S371F,Spike_K417N,NSP13_R392C,Spike_F486V,Spike_T376A,NSP6_S106del,NSP13_T127N,Spike_G339D,Spike_R408S,NSP14_I42V,NSP4_L264F,Spike_P681H,NSP3_T24I,N_S33del,NSP1_S135R,Spike_S375F,Spike_D405N,Spike_Q498R,Spike_S477N,N_E31del,NSP15_T112I,NSP6_F108del,Spike_E484A,E_T9I,Spike_V70del,Spike_P26del,NSP12_P323L,Spike_D614G,Spike_L452R)
hCoV-19/Spain/CT-BST9926995187/2022	EPI_ISL_15296141	2022-10-03	Europe / Spain / Catalunya / Manresa	Human			Male	80	unknown		Original	Nasopharyngeal and oropharyngeal swab		BA.5.2	GRA	(NSP5_P132H,Spike_H69del,NSP3_G489S,Spike_L24del,NSP4_T327I,Spike_S373P,Spike_N969K,Spike_H655Y,N_R203K,Spike_V213G,Spike_G142D,Spike_A27S,Spike_Q954H,N_P13L,Spike_N501Y,Spike_P25del,N_R32del,NS3_T223I,Spike_T19I,M_Q19E,Spike_N440K,NSP4_T492I,M_D3N,Spike_N679K,Spike_N764K,NSP6_G107del,Spike_Y505H,Spike_D796Y,N_G204R,Spike_T478K,N_S413R,M_A63T,Spike_S371F,Spike_K417N,NSP13_R392C,Spike_F486V,Spike_T376A,NSP6_S106del,NS3_V97I,NSP13_T127N,Spike_G339D,Spike_R408S,NSP14_I42V,NSP4_L264F,Spike_P681H,NSP3_T24I,N_S33del,NSP1_S135R,Spike_S375F,Spike_D405N,NSP1_F143del,Spike_Q498R,Spike_S477N,NSP1_K141del,N_E31del,Spike_D1153Y,NSP1_S142del,NSP15_T112I,NSP6_F108del,Spike_E484A,E_T9I,Spike_V70del,Spike_P26del,NSP12_P323L,Spike_D614G,Spike_L452R)
hCoV-19/Spain/CT-BST9926995284/2022	EPI_ISL_15296142	2022-10-03	Europe / Spain / Catalunya / Manresa	Human			Female	85	unknown		Original	Nasopharyngeal and oropharyngeal swab		BA.5.2.1	GRA	(NSP5_P132H,Spike_H69del,NSP3_G489S,Spike_L24del,NSP4_T327I,Spike_S373P,Spike_N969K,Spike_H655Y,N_R203K,Spike_V213G,Spike_G142D,Spike_A27S,Spike_Q954H,N_P13L,Spike_N501Y,Spike_P25del,N_R32del,NS3_T223I,Spike_T19I,NSP13_T367I,M_Q19E,Spike_N440K,NSP4_T492I,N_G30del,M_D3N,Spike_N679K,Spike_N764K,NSP6_G107del,Spike_Y505H,Spike_D796Y,N_G204R,Spike_T478K,N_S413R,M_A63T,Spike_S371F,Spike_K417N,NSP13_R392C,Spike_F486V,Spike_T376A,NSP6_S106del,Spike_G339D,Spike_R408S,NSP14_I42V,NSP4_L264F,Spike_P681H,NSP3_T24I,NSP1_S135R,Spike_S375F,Spike_D405N,Spike_Q498R,Spike_S477N,N_E31del,NSP15_T112I,NSP6_F108del,Spike_E484A,E_T9I,Spike_V70del,NSP14_P43L,Spike_P26del,NSP12_P323L,Spike_D614G,Spike_L452R,N_S33F)
hCoV-19/Spain/CT-BST9926995292/2022	EPI_ISL_15296143	2022-10-03	Europe / Spain / Catalunya / Manresa	Human			Female	77	unknown		Original	Nasopharyngeal and oropharyngeal swab		BA.5.1	GRA	(NSP5_P132H,Spike_H69del,NSP3_G489S,Spike_L24del,NSP4_T327I,Spike_S373P,Spike_N969K,Spike_H655Y,NS6_D6G,N_R203K,Spike_V213G,Spike_G142D,Spike_A27S,Spike_Q954H,N_P13L,Spike_N501Y,Spike_P25del,N_R32del,NS3_T223I,Spike_T19I,M_Q19E,Spike_N440K,NSP4_T492I,M_D3N,Spike_N679K,Spike_N764K,NSP6_G107del,Spike_Y505H,Spike_D796Y,N_G204R,Spike_T478K,N_S413R,M_A63T,Spike_S371F,Spike_K417N,NSP13_R392C,Spike_F486V,Spike_T376A,NSP6_S106del,Spike_G339D,NSP14_I42V,Spike_P681H,NSP4_L264F,NSP3_T24I,N_S33del,NSP1_S135R,Spike_S375F,Spike_D405N,Spike_Q498R,Spike_S477N,N_E31del,NSP15_T112I,NSP6_F108del,Spike_E484A,E_T9I,Spike_V70del,Spike_P26del,NSP12_P323L,Spike_D614G,Spike_L452R)
hCoV-19/Spain/CT-BST9926995128/2022	EPI_ISL_15296144	2022-10-03	Europe / Spain / Catalunya / Manresa	Human			Male	83	unknown		Original	Nasopharyngeal and oropharyngeal swab		BA.5	GRA	(NSP5_P132H,Spike_H69del,NSP3_G489S,Spike_L24del,NSP4_T327I,Spike_S373P,Spike_N969K,Spike_H655Y,N_R203K,NSP2_G339S,Spike_V213G,Spike_G142D,Spike_A27S,Spike_Q954H,N_P13L,N_D297H,NSP1_H83del,Spike_N501Y,Spike_P25del,N_R32del,NS3_T223I,Spike_T19I,M_Q19E,Spike_N440K,NSP4_T492I,M_D3N,Spike_N679K,Spike_N764K,N_R385I,NSP6_G107del,Spike_Y505H,NSP1_V84del,Spike_D796Y,N_G204R,Spike_T478K,N_S413R,M_A63T,Spike_S371F,NSP1_M85del,Spike_K417N,NSP13_R392C,Spike_F486V,Spike_T376A,NSP6_S106del,Spike_G339D,Spike_R408S,NSP14_I42V,NSP4_L264F,Spike_P681H,NSP3_T24I,NSP1_G82del,N_S33del,NSP1_S135R,Spike_S375F,NSP3_A1819T,Spike_D405N,Spike_Q498R,NSP3_L1546I,Spike_S477N,N_E31del,NSP1_V86del,NSP15_T112I,NSP6_F108del,Spike_E484A,E_T9I,Spike_V70del,Spike_P26del,NSP12_P323L,Spike_D614G,Spike_L452R)
hCoV-19/Spain/CT-BST9926995195/2022	EPI_ISL_15296145	2022-10-03	Europe / Spain / Catalunya / Manresa	Human			Female	94	unknown		Original	Nasopharyngeal and oropharyngeal swab		BA.5.2.1	GRA	(NSP5_P132H,Spike_H69del,NSP3_G489S,Spike_L24del,NSP4_T327I,Spike_S373P,Spike_N969K,Spike_H655Y,N_R203K,Spike_V213G,Spike_G142D,Spike_A27S,Spike_Q954H,N_P13L,Spike_N501Y,Spike_P25del,N_R32del,NS3_T223I,Spike_T19I,M_Q19E,Spike_N440K,NSP4_T492I,NSP13_H164Y,M_D3N,Spike_N679K,Spike_N764K,NSP6_G107del,Spike_Y505H,Spike_D796Y,N_G204R,Spike_T478K,N_S413R,M_A63T,Spike_S371F,Spike_K417N,NSP13_R392C,Spike_F486V,Spike_T376A,NSP6_S106del,Spike_G339D,NSP14_I42V,Spike_P681H,NSP4_L264F,NSP3_T24I,N_S33del,NSP1_S135R,Spike_S375F,Spike_D405N,Spike_Q498R,Spike_S477N,N_E31del,NSP15_T112I,NSP6_F108del,Spike_E484A,E_T9I,Spike_V70del,Spike_P26del,NSP12_P323L,Spike_D614G,Spike_L452R)
hCoV-19/Spain/CT-BST9926995250/2022	EPI_ISL_15296146	2022-10-03	Europe / Spain / Catalunya / Manresa	Human			Male	64	unknown		Original	Nasopharyngeal and oropharyngeal swab		BA.5.1	GRA	(NSP5_P132H,Spike_H69del,NSP3_G489S,Spike_L24del,NSP4_T327I,Spike_S373P,Spike_N969K,Spike_H655Y,N_R203K,Spike_V213G,Spike_G142D,Spike_A27S,Spike_Q954H,N_P13L,Spike_N501Y,Spike_P25del,N_R32del,NS3_T223I,Spike_T19I,M_Q19E,Spike_N440K,NSP4_T492I,M_D3N,Spike_N679K,Spike_N764K,NSP14_D41N,NSP6_G107del,Spike_Y505H,Spike_D796Y,N_G204R,Spike_T478K,N_S413R,M_A63T,N_S79I,Spike_S371F,Spike_K417N,NSP13_R392C,Spike_F486V,Spike_T376A,NSP6_S106del,Spike_G339D,NSP14_I42V,NSP4_L264F,Spike_P681H,NSP3_T24I,N_S33del,NSP1_S135R,Spike_S375F,Spike_D405N,Spike_Q498R,Spike_S477N,N_E31del,NSP13_P504S,NSP15_T112I,NSP6_F108del,Spike_E484A,E_T9I,Spike_V70del,Spike_P26del,NSP12_P323L,N_A273S,Spike_D614G,Spike_L452R)
hCoV-19/Spain/CT-BST9926995144/2022	EPI_ISL_15296147	2022-10-03	Europe / Spain / Catalunya / Manresa	Human			Male	86	unknown		Original	Nasopharyngeal and oropharyngeal swab		BA.5	GRA	(NSP5_P132H,Spike_H69del,NSP3_G489S,Spike_L24del,NSP4_T327I,Spike_S373P,Spike_N969K,Spike_H655Y,N_R203K,NSP2_G339S,Spike_V213G,Spike_G142D,Spike_A27S,Spike_Q954H,N_P13L,N_D297H,NSP1_H83del,Spike_N501Y,Spike_P25del,N_R32del,NS3_T223I,Spike_T19I,M_Q19E,Spike_N440K,NSP4_T492I,M_D3N,Spike_N679K,Spike_N764K,N_R385I,NSP6_G107del,Spike_Y505H,NSP1_V84del,Spike_D796Y,N_G204R,Spike_T478K,N_S413R,M_A63T,Spike_S371F,NSP1_M85del,Spike_K417N,NSP13_R392C,Spike_F486V,Spike_T376A,NSP6_S106del,Spike_G339D,NSP14_I42V,NSP4_L264F,Spike_P681H,NSP3_T24I,NSP1_G82del,N_S33del,NSP1_S135R,Spike_S375F,NSP3_A1819T,Spike_D405N,Spike_Q498R,NSP3_L1546I,Spike_S477N,N_E31del,NSP1_V86del,NSP15_T112I,NSP6_F108del,Spike_E484A,E_T9I,Spike_V70del,Spike_P26del,NSP12_P323L,Spike_D614G,Spike_L452R)
hCoV-19/Spain/CT-BST9926995276/2022	EPI_ISL_15296148	2022-10-03	Europe / Spain / Catalunya / Manresa	Human			Male	76	unknown		Original	Nasopharyngeal and oropharyngeal swab		BA.5.2.6	GRA	(NSP5_P132H,Spike_H69del,NSP3_G489S,Spike_L24del,NSP4_T327I,Spike_S373P,Spike_N969K,Spike_H655Y,N_R203K,Spike_V213G,Spike_G142D,Spike_A27S,Spike_Q954H,N_P13L,Spike_N501Y,Spike_P25del,N_R32del,NS3_T223I,Spike_T19I,NSP14_V14L,M_Q19E,Spike_N440K,NSP4_T492I,M_D3N,Spike_N679K,Spike_N764K,NSP6_G107del,Spike_Y505H,Spike_D796Y,N_G204R,Spike_T478K,N_S413R,M_A63T,Spike_R346T,Spike_S371F,Spike_K417N,NSP13_R392C,Spike_F486V,Spike_T376A,NSP6_S106del,NSP13_T127N,Spike_G339D,Spike_R408S,NSP14_I42V,NSP4_L264F,Spike_P681H,NSP3_T24I,N_S33del,NSP1_S135R,Spike_S375F,Spike_D405N,Spike_Q498R,Spike_S477N,N_E31del,NSP15_T112I,NSP6_F108del,Spike_E484A,E_T9I,Spike_V70del,Spike_P26del,NSP12_P323L,Spike_D614G,Spike_L452R)
