"country","date","pos_tests","comment","source","omicron","prop_omicron","date_num","prop","non_omicron","obs"
"South Africa",2021-11-05,38.3,"Traced by Alex Selby from original graph of Lesley Scott & NHLS team shown on press conference https://www.youtube.com/watch?v=Vh4XMueP1zQ, https://twitter.com/chrischirp/status/1463885565221384202/photo/1, source: https://github.com/alex1770/Covid-19/blob/master/VOCgrowth/EarlyOmicronEstimate/SA_sgtf","Lesley Scott & NHLS team",0.693093359834493,0.0180964323716578,18936,0.0180964323716578,37.6069066401655,"1"
"South Africa",2021-11-06,31.4,"Traced by Alex Selby from original graph of Lesley Scott & NHLS team shown on press conference https://www.youtube.com/watch?v=Vh4XMueP1zQ, https://twitter.com/chrischirp/status/1463885565221384202/photo/1, source: https://github.com/alex1770/Covid-19/blob/master/VOCgrowth/EarlyOmicronEstimate/SA_sgtf","Lesley Scott & NHLS team",0.621119051818221,0.0197808615228733,18937,0.0197808615228733,30.7788809481818,"2"
"South Africa",2021-11-07,24.4,"Traced by Alex Selby from original graph of Lesley Scott & NHLS team shown on press conference https://www.youtube.com/watch?v=Vh4XMueP1zQ, https://twitter.com/chrischirp/status/1463885565221384202/photo/1, source: https://github.com/alex1770/Covid-19/blob/master/VOCgrowth/EarlyOmicronEstimate/SA_sgtf","Lesley Scott & NHLS team",0.905334709575623,0.0371038815399846,18938,0.0371038815399846,23.4946652904244,"3"
"South Africa",2021-11-08,17.4,"Traced by Alex Selby from original graph of Lesley Scott & NHLS team shown on press conference https://www.youtube.com/watch?v=Vh4XMueP1zQ, https://twitter.com/chrischirp/status/1463885565221384202/photo/1, source: https://github.com/alex1770/Covid-19/blob/master/VOCgrowth/EarlyOmicronEstimate/SA_sgtf","Lesley Scott & NHLS team",0.644512251070003,0.0370409339695404,18939,0.0370409339695404,16.75548774893,"4"
"South Africa",2021-11-09,17.4,"Traced by Alex Selby from original graph of Lesley Scott & NHLS team shown on press conference https://www.youtube.com/watch?v=Vh4XMueP1zQ, https://twitter.com/chrischirp/status/1463885565221384202/photo/1, source: https://github.com/alex1770/Covid-19/blob/master/VOCgrowth/EarlyOmicronEstimate/SA_sgtf","Lesley Scott & NHLS team",0.653665366374437,0.0375669750789906,18940,0.0375669750789906,16.7463346336256,"5"
"South Africa",2021-11-10,38.3,"Traced by Alex Selby from original graph of Lesley Scott & NHLS team shown on press conference https://www.youtube.com/watch?v=Vh4XMueP1zQ, https://twitter.com/chrischirp/status/1463885565221384202/photo/1, source: https://github.com/alex1770/Covid-19/blob/master/VOCgrowth/EarlyOmicronEstimate/SA_sgtf","Lesley Scott & NHLS team",1.32279807298482,0.0345378086941206,18941,0.0345378086941206,36.9772019270152,"6"
"South Africa",2021-11-11,45.3,"Traced by Alex Selby from original graph of Lesley Scott & NHLS team shown on press conference https://www.youtube.com/watch?v=Vh4XMueP1zQ, https://twitter.com/chrischirp/status/1463885565221384202/photo/1, source: https://github.com/alex1770/Covid-19/blob/master/VOCgrowth/EarlyOmicronEstimate/SA_sgtf","Lesley Scott & NHLS team",1.81288572141098,0.0400195523490282,18942,0.0400195523490282,43.487114278589,"7"
"South Africa",2021-11-12,45.3,"Traced by Alex Selby from original graph of Lesley Scott & NHLS team shown on press conference https://www.youtube.com/watch?v=Vh4XMueP1zQ, https://twitter.com/chrischirp/status/1463885565221384202/photo/1, source: https://github.com/alex1770/Covid-19/blob/master/VOCgrowth/EarlyOmicronEstimate/SA_sgtf","Lesley Scott & NHLS team",2.02007710769514,0.0445933136356542,18943,0.0445933136356542,43.2799228923049,"8"
"South Africa",2021-11-13,45.3,"Traced by Alex Selby from original graph of Lesley Scott & NHLS team shown on press conference https://www.youtube.com/watch?v=Vh4XMueP1zQ, https://twitter.com/chrischirp/status/1463885565221384202/photo/1, source: https://github.com/alex1770/Covid-19/blob/master/VOCgrowth/EarlyOmicronEstimate/SA_sgtf","Lesley Scott & NHLS team",2.32428583969839,0.0513087381831873,18944,0.0513087381831873,42.9757141603016,"9"
"South Africa",2021-11-14,38.3,"Traced by Alex Selby from original graph of Lesley Scott & NHLS team shown on press conference https://www.youtube.com/watch?v=Vh4XMueP1zQ, https://twitter.com/chrischirp/status/1463885565221384202/photo/1, source: https://github.com/alex1770/Covid-19/blob/master/VOCgrowth/EarlyOmicronEstimate/SA_sgtf","Lesley Scott & NHLS team",2.43469938831951,0.0635691746297522,18945,0.0635691746297522,35.8653006116805,"10"
"South Africa",2021-11-15,24.4,"Traced by Alex Selby from original graph of Lesley Scott & NHLS team shown on press conference https://www.youtube.com/watch?v=Vh4XMueP1zQ, https://twitter.com/chrischirp/status/1463885565221384202/photo/1, source: https://github.com/alex1770/Covid-19/blob/master/VOCgrowth/EarlyOmicronEstimate/SA_sgtf","Lesley Scott & NHLS team",2.05462784560078,0.0842060592459335,18946,0.0842060592459335,22.3453721543992,"11"
"South Africa",2021-11-16,17.4,"Traced by Alex Selby from original graph of Lesley Scott & NHLS team shown on press conference https://www.youtube.com/watch?v=Vh4XMueP1zQ, https://twitter.com/chrischirp/status/1463885565221384202/photo/1, source: https://github.com/alex1770/Covid-19/blob/master/VOCgrowth/EarlyOmicronEstimate/SA_sgtf","Lesley Scott & NHLS team",3.63392808581234,0.208846441713353,18947,0.208846441713353,13.7660719141877,"12"
"South Africa",2021-11-17,45.3,"Traced by Alex Selby from original graph of Lesley Scott & NHLS team shown on press conference https://www.youtube.com/watch?v=Vh4XMueP1zQ, https://twitter.com/chrischirp/status/1463885565221384202/photo/1, source: https://github.com/alex1770/Covid-19/blob/master/VOCgrowth/EarlyOmicronEstimate/SA_sgtf","Lesley Scott & NHLS team",11.428908029841,0.25229377549318,18948,0.25229377549318,33.871091970159,"13"
"South Africa",2021-11-18,59.2,"Traced by Alex Selby from original graph of Lesley Scott & NHLS team shown on press conference https://www.youtube.com/watch?v=Vh4XMueP1zQ, https://twitter.com/chrischirp/status/1463885565221384202/photo/1, source: https://github.com/alex1770/Covid-19/blob/master/VOCgrowth/EarlyOmicronEstimate/SA_sgtf","Lesley Scott & NHLS team",20.5467483289187,0.347073451502006,18949,0.347073451502006,38.6532516710813,"14"
"South Africa",2021-11-19,80.1,"Traced by Alex Selby from original graph of Lesley Scott & NHLS team shown on press conference https://www.youtube.com/watch?v=Vh4XMueP1zQ, https://twitter.com/chrischirp/status/1463885565221384202/photo/1, source: https://github.com/alex1770/Covid-19/blob/master/VOCgrowth/EarlyOmicronEstimate/SA_sgtf","Lesley Scott & NHLS team",35.3413452198246,0.441215296127648,18950,0.441215296127648,44.7586547801754,"15"
"England",2021-11-01,16544,"","UKHSA, https://www.gov.uk/government/publications/covid-19-omicron-daily-overview",0.0261168441704317,1.57862936233267e-06,18932,1.57862936233267e-06,16543.9738831558,"16"
"England",2021-11-02,12428,"","UKHSA, https://www.gov.uk/government/publications/covid-19-omicron-daily-overview",0.0342043834461584,2.7522033670871e-06,18933,2.7522033670871e-06,12427.9657956166,"17"
"England",2021-11-03,13647,"","UKHSA, https://www.gov.uk/government/publications/covid-19-omicron-daily-overview",0.044631668413918,3.2704380753219e-06,18934,3.2704380753219e-06,13646.9553683316,"18"
"England",2021-11-04,11106,"","UKHSA, https://www.gov.uk/government/publications/covid-19-omicron-daily-overview",0.0309294864474429,2.784934850301e-06,18935,2.784934850301e-06,11105.9690705136,"19"
"England",2021-11-05,11094,"","UKHSA, https://www.gov.uk/government/publications/covid-19-omicron-daily-overview",0.0749875875958676,6.75929219360623e-06,18936,6.75929219360623e-06,11093.9250124124,"20"
"England",2021-11-06,9770,"","UKHSA, https://www.gov.uk/government/publications/covid-19-omicron-daily-overview",0.0222490216794951,2.27727959872007e-06,18937,2.27727959872007e-06,9769.97775097832,"21"
"England",2021-11-07,10192,"","UKHSA, https://www.gov.uk/government/publications/covid-19-omicron-daily-overview",0.0307817576950455,3.02018815689222e-06,18938,3.02018815689222e-06,10191.9692182423,"22"
"England",2021-11-08,16018,"","UKHSA, https://www.gov.uk/government/publications/covid-19-omicron-daily-overview",0.269420881207297,1.68198827074102e-05,18939,1.68198827074102e-05,16017.7305791188,"23"
"England",2021-11-09,16217,"","UKHSA, https://www.gov.uk/government/publications/covid-19-omicron-daily-overview",0.254372420974609,1.56855411589449e-05,18940,1.56855411589449e-05,16216.745627579,"24"
"England",2021-11-10,15395,"","UKHSA, https://www.gov.uk/government/publications/covid-19-omicron-daily-overview",0.350282450483985,2.27530010057802e-05,18941,2.27530010057802e-05,15394.6497175495,"25"
"England",2021-11-11,15299,"","UKHSA, https://www.gov.uk/government/publications/covid-19-omicron-daily-overview",0.295994004842595,1.93472779163733e-05,18942,1.93472779163733e-05,15298.7040059952,"26"
"England",2021-11-12,14595,"","UKHSA, https://www.gov.uk/government/publications/covid-19-omicron-daily-overview",0.354272610126189,2.42735601319759e-05,18943,2.42735601319759e-05,14594.6457273899,"27"
"England",2021-11-13,13304,"","UKHSA, https://www.gov.uk/government/publications/covid-19-omicron-daily-overview",0.482094178801416,3.62367843356446e-05,18944,3.62367843356446e-05,13303.5179058212,"28"
"England",2021-11-14,12181,"","UKHSA, https://www.gov.uk/government/publications/covid-19-omicron-daily-overview",0.558439372829481,4.58451172177556e-05,18945,4.58451172177556e-05,12180.4415606272,"29"
"England",2021-11-15,23349,"","UKHSA, https://www.gov.uk/government/publications/covid-19-omicron-daily-overview",2.4928530962987,0.000106764876281584,18946,0.000106764876281584,23346.5071469037,"30"
"England",2021-11-16,19629,"","UKHSA, https://www.gov.uk/government/publications/covid-19-omicron-daily-overview",1.97966727788253,0.00010085420947998,18947,0.00010085420947998,19627.0203327221,"31"
"England",2021-11-17,18932,"","UKHSA, https://www.gov.uk/government/publications/covid-19-omicron-daily-overview",2.36658210956454,0.000125004337078203,18948,0.000125004337078203,18929.6334178904,"32"
"England",2021-11-18,19513,"","UKHSA, https://www.gov.uk/government/publications/covid-19-omicron-daily-overview",3.03092646777969,0.000155328574170024,18949,0.000155328574170024,19509.9690735322,"33"
"England",2021-11-19,16959,"","UKHSA, https://www.gov.uk/government/publications/covid-19-omicron-daily-overview",5.52681637786197,0.000325892822563946,18950,0.000325892822563946,16953.4731836221,"34"
"England",2021-11-20,15129,"","UKHSA, https://www.gov.uk/government/publications/covid-19-omicron-daily-overview",2.11348420970351,0.00013969754839735,18951,0.00013969754839735,15126.8865157903,"35"
"England",2021-11-21,15293,"","UKHSA, https://www.gov.uk/government/publications/covid-19-omicron-daily-overview",9.07101531152294,0.000593148192736738,18952,0.000593148192736738,15283.9289846885,"36"
"England",2021-11-22,21118,"","UKHSA, https://www.gov.uk/government/publications/covid-19-omicron-daily-overview",12.2847042211064,0.000581717218538992,18953,0.000581717218538992,21105.7152957789,"37"
"England",2021-11-23,20596,"","UKHSA, https://www.gov.uk/government/publications/covid-19-omicron-daily-overview",7.27842891253833,0.000353390411368146,18954,0.000353390411368146,20588.7215710875,"38"
"England",2021-11-24,18107,"","UKHSA, https://www.gov.uk/government/publications/covid-19-omicron-daily-overview",12.42218748461,0.000686043380162921,18955,0.000686043380162921,18094.5778125154,"39"
"England",2021-11-25,19686,"","UKHSA, https://www.gov.uk/government/publications/covid-19-omicron-daily-overview",21.3337227840628,0.00108370023285903,18956,0.00108370023285903,19664.6662772159,"40"
"England",2021-11-26,15473,"","UKHSA, https://www.gov.uk/government/publications/covid-19-omicron-daily-overview",29.3765459647716,0.00189856821332461,18957,0.00189856821332461,15443.6234540352,"41"
"England",2021-11-27,12217,"","UKHSA, https://www.gov.uk/government/publications/covid-19-omicron-daily-overview",37.7867008941375,0.00309296070182021,18958,0.00309296070182021,12179.2132991059,"42"
"England",2021-11-28,13754,"","UKHSA, https://www.gov.uk/government/publications/covid-19-omicron-daily-overview",24.5580396344126,0.00178551982219083,18959,0.00178551982219083,13729.4419603656,"43"
"England",2021-11-29,22472,"","UKHSA, https://www.gov.uk/government/publications/covid-19-omicron-daily-overview",70.9175852536579,0.0031558199205081,18960,0.0031558199205081,22401.0824147463,"44"
"England",2021-11-30,21473,"","UKHSA, https://www.gov.uk/government/publications/covid-19-omicron-daily-overview",77.9725588959904,0.00363119074633216,18961,0.00363119074633216,21395.027441104,"45"
"England",2021-12-01,21100,"","UKHSA, https://www.gov.uk/government/publications/covid-19-omicron-daily-overview",99.3032332589835,0.00470631437246367,18962,0.00470631437246367,21000.696766741,"46"
"England",2021-12-02,18808,"","UKHSA, https://www.gov.uk/government/publications/covid-19-omicron-daily-overview",145.106704338709,0.00771515867389989,18963,0.00771515867389989,18662.8932956613,"47"
"England",2021-12-03,17544,"","UKHSA, https://www.gov.uk/government/publications/covid-19-omicron-daily-overview",206.997184310937,0.0117987451157625,18964,0.0117987451157625,17337.0028156891,"48"
"England",2021-12-04,14772,"","UKHSA, https://www.gov.uk/government/publications/covid-19-omicron-daily-overview",238.673582510554,0.0161571610147951,18965,0.0161571610147951,14533.3264174894,"49"
"England",2021-12-05,15149,"","UKHSA, https://www.gov.uk/government/publications/covid-19-omicron-daily-overview",370.280585385543,0.0244425761030789,18966,0.0244425761030789,14778.7194146145,"50"
"England",2021-12-06,19433,"","UKHSA, https://www.gov.uk/government/publications/covid-19-omicron-daily-overview",860.768376550828,0.0442941582128765,18967,0.0442941582128765,18572.2316234492,"51"
"England",2021-12-07,19533,"","UKHSA, https://www.gov.uk/government/publications/covid-19-omicron-daily-overview",1655.36267410992,0.0847469755854157,18968,0.0847469755854157,17877.6373258901,"52"
"England",2021-12-08,19497,"","UKHSA, https://www.gov.uk/government/publications/covid-19-omicron-daily-overview",2476.68616854488,0.127029090041795,18969,0.127029090041795,17020.3138314551,"53"
"England",2021-12-09,21625,"","UKHSA, https://www.gov.uk/government/publications/covid-19-omicron-daily-overview",3496.52312725273,0.161688930740011,18970,0.161688930740011,18128.4768727473,"54"
"England",2021-12-10,24712,"","UKHSA, https://www.gov.uk/government/publications/covid-19-omicron-daily-overview",5069.09782574721,0.205126975791001,18971,0.205126975791001,19642.9021742528,"55"
"England",2021-12-11,18213,"","UKHSA, https://www.gov.uk/government/publications/covid-19-omicron-daily-overview",4030.325713167,0.221288404610278,18972,0.221288404610278,14182.674286833,"56"
"England",2021-12-12,19221,"","UKHSA, https://www.gov.uk/government/publications/covid-19-omicron-daily-overview",6316.59048585897,0.328629649126423,18973,0.328629649126423,12904.409514141,"57"
"England",2021-12-13,29447,"","UKHSA, https://www.gov.uk/government/publications/covid-19-omicron-daily-overview",12502.8562809105,0.424588456579975,18974,0.424588456579975,16944.1437190895,"58"
"England",2021-12-14,34831,"","UKHSA, https://www.gov.uk/government/publications/covid-19-omicron-daily-overview",19742.5938736176,0.566810998065448,18975,0.566810998065448,15088.4061263824,"59"
"England",2021-12-15,39156,"","UKHSA, https://www.gov.uk/government/publications/covid-19-omicron-daily-overview",25143.4482934572,0.642135261350936,18976,0.642135261350936,14012.5517065428,"60"
"England",2021-12-16,40881,"","UKHSA, https://www.gov.uk/government/publications/covid-19-omicron-daily-overview",27781.3935606379,0.679567367741443,18977,0.679567367741443,13099.6064393621,"61"
"England",2021-12-17,37069,"","UKHSA, https://www.gov.uk/government/publications/covid-19-omicron-daily-overview",25897.8895045936,0.698640090226161,18978,0.698640090226161,11171.1104954064,"62"
"England",2021-12-18,34555,"","UKHSA, https://www.gov.uk/government/publications/covid-19-omicron-daily-overview",25521.3702738085,0.738572428702317,18979,0.738572428702317,9033.62972619145,"63"
"England",2021-12-19,33068,"","UKHSA, https://www.gov.uk/government/publications/covid-19-omicron-daily-overview",25380.3984057745,0.767521422697909,18980,0.767521422697909,7687.60159422554,"64"
"England",2021-12-20,49037,"","UKHSA, https://www.gov.uk/government/publications/covid-19-omicron-daily-overview",39700.0670570643,0.809594123968928,18981,0.809594123968928,9336.93294293569,"65"
"England",2021-12-21,57732,"","UKHSA, https://www.gov.uk/government/publications/covid-19-omicron-daily-overview",49559.3611827114,0.858438321601736,18982,0.858438321601736,8172.63881728859,"66"
"England",2021-12-22,62682,"","UKHSA, https://www.gov.uk/government/publications/covid-19-omicron-daily-overview",55691.8627928736,0.888482543519249,18983,0.888482543519249,6990.13720712643,"67"
"England",2021-12-23,43818,"","UKHSA, https://www.gov.uk/government/publications/covid-19-omicron-daily-overview",39251.9143571916,0.895794293605175,18984,0.895794293605175,4566.08564280844,"68"
"England",2021-12-24,21495,"","UKHSA, https://www.gov.uk/government/publications/covid-19-omicron-daily-overview",19420.6128669079,0.903494434375802,18985,0.903494434375802,2074.38713309213,"69"
"Scotland",2021-11-23,1942.389513,"For pos_tests I took the nr of positive tests multiplied by the proportion performed by the UK Government Testing Program (ie Lighthouse labs TaqPath PCR tests) from https://www.gov.scot/publications/coronavirus-covid-19-trends-in-daily-data/, prop SGTF from https://www.gov.scot/binaries/content/documents/govscot/publications/research-and-analysis/2021/12/omicron-scotland-evidence-paper/documents/omicron-scotland-evidence-paper/omicron-scotland-evidence-paper/govscot%3Adocument/omicron-scotland-evidence-paper.pdf","Public Health Scotland, https://www.gov.scot/publications/coronavirus-covid-19-additional-data-and-information/",1.48054217665096,0.000762227229266841,18954,0.000762227229266841,1940.90897082335,"70"
"Scotland",2021-11-24,1859.614459,"For pos_tests I took half the total nr of positive tests (as ca half are Lighthouse labs TaqPath tests) from https://www.gov.scot/publications/coronavirus-covid-19-trends-in-daily-data/, prop SGTF from https://www.gov.scot/binaries/content/documents/govscot/publications/research-and-analysis/2021/12/omicron-scotland-evidence-paper/documents/omicron-scotland-evidence-paper/omicron-scotland-evidence-paper/govscot%3Adocument/omicron-scotland-evidence-paper.pdf","Public Health Scotland, https://www.gov.scot/publications/coronavirus-covid-19-additional-data-and-information/",3.0775808746733,0.00165495641302351,18955,0.00165495641302351,1856.53687812533,"71"
"Scotland",2021-11-25,1634.915766,"For pos_tests I took half the total nr of positive tests (as ca half are Lighthouse labs TaqPath tests) from https://www.gov.scot/publications/coronavirus-covid-19-trends-in-daily-data/, prop SGTF from https://www.gov.scot/binaries/content/documents/govscot/publications/research-and-analysis/2021/12/omicron-scotland-evidence-paper/documents/omicron-scotland-evidence-paper/omicron-scotland-evidence-paper/govscot%3Adocument/omicron-scotland-evidence-paper.pdf","Public Health Scotland, https://www.gov.scot/publications/coronavirus-covid-19-additional-data-and-information/",8.60975271658949,0.00526617511167208,18956,0.00526617511167208,1626.30601328341,"72"
"Scotland",2021-11-26,1838.152949,"For pos_tests I took half the total nr of positive tests (as ca half are Lighthouse labs TaqPath tests) from https://www.gov.scot/publications/coronavirus-covid-19-trends-in-daily-data/, prop SGTF from https://www.gov.scot/binaries/content/documents/govscot/publications/research-and-analysis/2021/12/omicron-scotland-evidence-paper/documents/omicron-scotland-evidence-paper/omicron-scotland-evidence-paper/govscot%3Adocument/omicron-scotland-evidence-paper.pdf","Public Health Scotland, https://www.gov.scot/publications/coronavirus-covid-19-additional-data-and-information/",3.36308896241351,0.00182960235395162,18957,0.00182960235395162,1834.78986003759,"73"
"Scotland",2021-11-27,1391.252617,"For pos_tests I took half the total nr of positive tests (as ca half are Lighthouse labs TaqPath tests) from https://www.gov.scot/publications/coronavirus-covid-19-trends-in-daily-data/, prop SGTF from https://www.gov.scot/binaries/content/documents/govscot/publications/research-and-analysis/2021/12/omicron-scotland-evidence-paper/documents/omicron-scotland-evidence-paper/omicron-scotland-evidence-paper/govscot%3Adocument/omicron-scotland-evidence-paper.pdf","Public Health Scotland, https://www.gov.scot/publications/coronavirus-covid-19-additional-data-and-information/",2.61945283203734,0.00188280172847814,18958,0.00188280172847814,1388.63316416796,"74"
"Scotland",2021-11-28,1484.456537,"For pos_tests I took half the total nr of positive tests (as ca half are Lighthouse labs TaqPath tests) from https://www.gov.scot/publications/coronavirus-covid-19-trends-in-daily-data/, prop SGTF from https://www.gov.scot/binaries/content/documents/govscot/publications/research-and-analysis/2021/12/omicron-scotland-evidence-paper/documents/omicron-scotland-evidence-paper/omicron-scotland-evidence-paper/govscot%3Adocument/omicron-scotland-evidence-paper.pdf","Public Health Scotland, https://www.gov.scot/publications/coronavirus-covid-19-additional-data-and-information/",8.55099094589535,0.00576035116742212,18959,0.00576035116742212,1475.9055460541,"75"
"Scotland",2021-11-29,1764.724619,"For pos_tests I took half the total nr of positive tests (as ca half are Lighthouse labs TaqPath tests) from https://www.gov.scot/publications/coronavirus-covid-19-trends-in-daily-data/, prop SGTF from https://www.gov.scot/binaries/content/documents/govscot/publications/research-and-analysis/2021/12/omicron-scotland-evidence-paper/documents/omicron-scotland-evidence-paper/omicron-scotland-evidence-paper/govscot%3Adocument/omicron-scotland-evidence-paper.pdf","Public Health Scotland, https://www.gov.scot/publications/coronavirus-covid-19-additional-data-and-information/",6.86792988140918,0.00389178561202425,18960,0.00389178561202425,1757.85668911859,"76"
"Scotland",2021-11-30,1900.476748,"For pos_tests I took half the total nr of positive tests (as ca half are Lighthouse labs TaqPath tests) from https://www.gov.scot/publications/coronavirus-covid-19-trends-in-daily-data/, prop SGTF from https://www.gov.scot/binaries/content/documents/govscot/publications/research-and-analysis/2021/12/omicron-scotland-evidence-paper/documents/omicron-scotland-evidence-paper/omicron-scotland-evidence-paper/govscot%3Adocument/omicron-scotland-evidence-paper.pdf","Public Health Scotland, https://www.gov.scot/publications/coronavirus-covid-19-additional-data-and-information/",14.9264171982834,0.00785403831643372,18961,0.00785403831643372,1885.55033080172,"77"
"Scotland",2021-12-01,1645.679327,"For pos_tests I took half the total nr of positive tests (as ca half are Lighthouse labs TaqPath tests) from https://www.gov.scot/publications/coronavirus-covid-19-trends-in-daily-data/, prop SGTF from https://www.gov.scot/binaries/content/documents/govscot/publications/research-and-analysis/2021/12/omicron-scotland-evidence-paper/documents/omicron-scotland-evidence-paper/omicron-scotland-evidence-paper/govscot%3Adocument/omicron-scotland-evidence-paper.pdf","Public Health Scotland, https://www.gov.scot/publications/coronavirus-covid-19-additional-data-and-information/",16.2548917152943,0.00987731415750738,18962,0.00987731415750738,1629.42443528471,"78"
"Scotland",2021-12-02,1658.993274,"For pos_tests I took half the total nr of positive tests (as ca half are Lighthouse labs TaqPath tests) from https://www.gov.scot/publications/coronavirus-covid-19-trends-in-daily-data/, prop SGTF from https://www.gov.scot/binaries/content/documents/govscot/publications/research-and-analysis/2021/12/omicron-scotland-evidence-paper/documents/omicron-scotland-evidence-paper/omicron-scotland-evidence-paper/govscot%3Adocument/omicron-scotland-evidence-paper.pdf","Public Health Scotland, https://www.gov.scot/publications/coronavirus-covid-19-additional-data-and-information/",21.3893453319682,0.0128929668776754,18963,0.0128929668776754,1637.60392866803,"79"
"Scotland",2021-12-03,1403.12835,"For pos_tests I took half the total nr of positive tests (as ca half are Lighthouse labs TaqPath tests) from https://www.gov.scot/publications/coronavirus-covid-19-trends-in-daily-data/, prop SGTF from https://www.gov.scot/binaries/content/documents/govscot/publications/research-and-analysis/2021/12/omicron-scotland-evidence-paper/documents/omicron-scotland-evidence-paper/omicron-scotland-evidence-paper/govscot%3Adocument/omicron-scotland-evidence-paper.pdf","Public Health Scotland, https://www.gov.scot/publications/coronavirus-covid-19-additional-data-and-information/",22.3261769475761,0.0159117139551604,18964,0.0159117139551604,1380.80217305242,"80"
"Scotland",2021-12-04,692.0923613,"For pos_tests I took half the total nr of positive tests (as ca half are Lighthouse labs TaqPath tests) from https://www.gov.scot/publications/coronavirus-covid-19-trends-in-daily-data/, prop SGTF from https://www.gov.scot/binaries/content/documents/govscot/publications/research-and-analysis/2021/12/omicron-scotland-evidence-paper/documents/omicron-scotland-evidence-paper/omicron-scotland-evidence-paper/govscot%3Adocument/omicron-scotland-evidence-paper.pdf","Public Health Scotland, https://www.gov.scot/publications/coronavirus-covid-19-additional-data-and-information/",5.51628239169587,0.00797044253072567,18965,0.00797044253072567,686.576078908304,"81"
"Scotland",2021-12-05,1877.62522,"For pos_tests I took half the total nr of positive tests (as ca half are Lighthouse labs TaqPath tests) from https://www.gov.scot/publications/coronavirus-covid-19-trends-in-daily-data/, prop SGTF from https://www.gov.scot/binaries/content/documents/govscot/publications/research-and-analysis/2021/12/omicron-scotland-evidence-paper/documents/omicron-scotland-evidence-paper/omicron-scotland-evidence-paper/govscot%3Adocument/omicron-scotland-evidence-paper.pdf","Public Health Scotland, https://www.gov.scot/publications/coronavirus-covid-19-additional-data-and-information/",37.4596594225155,0.0199505519118003,18966,0.0199505519118003,1840.16556057748,"82"
"Scotland",2021-12-06,3428.827022,"For pos_tests I took half the total nr of positive tests (as ca half are Lighthouse labs TaqPath tests) from https://www.gov.scot/publications/coronavirus-covid-19-trends-in-daily-data/, prop SGTF from https://www.gov.scot/binaries/content/documents/govscot/publications/research-and-analysis/2021/12/omicron-scotland-evidence-paper/documents/omicron-scotland-evidence-paper/omicron-scotland-evidence-paper/govscot%3Adocument/omicron-scotland-evidence-paper.pdf","Public Health Scotland, https://www.gov.scot/publications/coronavirus-covid-19-additional-data-and-information/",109.541004659246,0.0319470780988397,18967,0.0319470780988397,3319.28601734075,"83"
"Scotland",2021-12-07,2603.435127,"For pos_tests I took half the total nr of positive tests (as ca half are Lighthouse labs TaqPath tests) from https://www.gov.scot/publications/coronavirus-covid-19-trends-in-daily-data/, prop SGTF from https://www.gov.scot/binaries/content/documents/govscot/publications/research-and-analysis/2021/12/omicron-scotland-evidence-paper/documents/omicron-scotland-evidence-paper/omicron-scotland-evidence-paper/govscot%3Adocument/omicron-scotland-evidence-paper.pdf","Public Health Scotland, https://www.gov.scot/publications/coronavirus-covid-19-additional-data-and-information/",109.223346666597,0.041953550343487,18968,0.041953550343487,2494.2117803334,"84"
"Scotland",2021-12-08,1867.037846,"For pos_tests I took half the total nr of positive tests (as ca half are Lighthouse labs TaqPath tests) from https://www.gov.scot/publications/coronavirus-covid-19-trends-in-daily-data/, prop SGTF from https://www.gov.scot/binaries/content/documents/govscot/publications/research-and-analysis/2021/12/omicron-scotland-evidence-paper/documents/omicron-scotland-evidence-paper/omicron-scotland-evidence-paper/govscot%3Adocument/omicron-scotland-evidence-paper.pdf","Public Health Scotland, https://www.gov.scot/publications/coronavirus-covid-19-additional-data-and-information/",126.864695344959,0.0679497181145835,18969,0.0679497181145835,1740.17315065504,"85"
"Scotland",2021-12-09,1991.168424,"For pos_tests I took half the total nr of positive tests (as ca half are Lighthouse labs TaqPath tests) from https://www.gov.scot/publications/coronavirus-covid-19-trends-in-daily-data/, prop SGTF from https://www.gov.scot/binaries/content/documents/govscot/publications/research-and-analysis/2021/12/omicron-scotland-evidence-paper/documents/omicron-scotland-evidence-paper/omicron-scotland-evidence-paper/govscot%3Adocument/omicron-scotland-evidence-paper.pdf","Public Health Scotland, https://www.gov.scot/publications/coronavirus-covid-19-additional-data-and-information/",264.694488717578,0.132934253841692,18970,0.132934253841692,1726.47393528242,"86"
"Scotland",2021-12-10,4743,"official counts","Public Health Scotland, https://www.gov.scot/publications/coronavirus-covid-19-additional-data-and-information/",736.756461739704,0.155335539055388,18971,0.155335539055388,4006.2435382603,"87"
"Scotland",2021-12-14,2904,"official counts","Public Health Scotland, https://www.gov.scot/publications/coronavirus-covid-19-additional-data-and-information/",799.947235290785,0.275463923998204,18975,0.275463923998204,2104.05276470921,"88"
"Scotland",2021-12-16,5618,"official counts","Public Health Scotland, https://www.gov.scot/publications/coronavirus-covid-19-additional-data-and-information/",2552.92477889538,0.454418792968206,18977,0.454418792968206,3065.07522110462,"89"
"Scotland",2021-12-17,3990,"official counts","Public Health Scotland, https://www.gov.scot/publications/coronavirus-covid-19-additional-data-and-information/",2048.95964987965,0.513523721774349,18978,0.513523721774349,1941.04035012035,"90"
"Scotland",2021-12-20,6504,"official counts","Public Health Scotland, https://www.gov.scot/publications/coronavirus-covid-19-additional-data-and-information/",3768.97784028178,0.579486137804702,18981,0.579486137804702,2735.02215971822,"91"
"Scotland",2021-12-21,4922,"official counts","Public Health Scotland, https://www.gov.scot/publications/coronavirus-covid-19-additional-data-and-information/",3094.98783787853,0.628806956090721,18982,0.628806956090721,1827.01216212147,"92"
"Scotland",2021-12-22,5572,"official counts","Public Health Scotland, https://www.gov.scot/publications/coronavirus-covid-19-additional-data-and-information/",3807.98999871209,0.683415290508273,18983,0.683415290508273,1764.01000128791,"93"
"Scotland",2021-12-23,5759,"official counts","Public Health Scotland, https://www.gov.scot/publications/coronavirus-covid-19-additional-data-and-information/",4197.99263094933,0.7289447179978,18984,0.7289447179978,1561.00736905067,"94"
"Scotland",2021-12-24,6507,"official counts","Public Health Scotland, https://www.gov.scot/publications/coronavirus-covid-19-additional-data-and-information/",5003.99412921194,0.769017078409703,18985,0.769017078409703,1503.00587078806,"95"
"Belgium",2021-11-27,3198,"Cq<25 only; last day incomplete","Federal Test Platform, contact:Emmanuel André",0,0,18958,0,3198,"96"
"Belgium",2021-11-28,2910,"Cq<25 only; last day incomplete","Federal Test Platform, contact:Emmanuel André",0.761331922250369,0.000261626090120402,18959,0.000261626090120402,2909.23866807775,"97"
"Belgium",2021-11-29,3253,"Cq<25 only; last day incomplete","Federal Test Platform, contact:Emmanuel André",4.74964940948143,0.00146008281877695,18960,0.00146008281877695,3248.25035059052,"98"
"Belgium",2021-11-30,4568,"Cq<25 only; last day incomplete","Federal Test Platform, contact:Emmanuel André",7.37061433363709,0.00161353203450899,18961,0.00161353203450899,4560.62938566636,"99"
"Belgium",2021-12-01,4208,"Cq<25 only; last day incomplete","Federal Test Platform, contact:Emmanuel André",5.90398732859328,0.0014030388138292,18962,0.0014030388138292,4202.09601267141,"100"
"Belgium",2021-12-02,4236,"Cq<25 only; last day incomplete","Federal Test Platform, contact:Emmanuel André",6.05593608892177,0.0014296355261855,18963,0.0014296355261855,4229.94406391108,"101"
"Belgium",2021-12-03,3820,"Cq<25 only; last day incomplete","Federal Test Platform, contact:Emmanuel André",10.6109317396413,0.00277773082189563,18964,0.00277773082189563,3809.38906826036,"102"
"Belgium",2021-12-04,3261,"Cq<25 only; last day incomplete","Federal Test Platform, contact:Emmanuel André",11.7124402015487,0.00359167132828846,18965,0.00359167132828846,3249.28755979845,"103"
"Belgium",2021-12-05,2829,"Cq<25 only; last day incomplete","Federal Test Platform, contact:Emmanuel André",7.32389793925295,0.00258886459499928,18966,0.00258886459499928,2821.67610206075,"104"
"Belgium",2021-12-06,2847,"Cq<25 only; last day incomplete","Federal Test Platform, contact:Emmanuel André",17.6330653645937,0.0061935600156634,18967,0.0061935600156634,2829.36693463541,"105"
"Belgium",2021-12-07,3947,"Cq<25 only; last day incomplete","Federal Test Platform, contact:Emmanuel André",24.4108915876023,0.00618466977137124,18968,0.00618466977137124,3922.5891084124,"106"
"Belgium",2021-12-08,3441,"Cq<25 only; last day incomplete","Federal Test Platform, contact:Emmanuel André",55.9418641535551,0.0162574438109721,18969,0.0162574438109721,3385.05813584645,"107"
"Belgium",2021-12-09,3705,"Cq<25 only; last day incomplete","Federal Test Platform, contact:Emmanuel André",36.3321356696894,0.00980624444526029,18970,0.00980624444526029,3668.66786433031,"108"
"Belgium",2021-12-10,3073,"Cq<25 only; last day incomplete","Federal Test Platform, contact:Emmanuel André",47.1811847375815,0.0153534607021092,18971,0.0153534607021092,3025.81881526242,"109"
"Belgium",2021-12-11,2664,"Cq<25 only; last day incomplete","Federal Test Platform, contact:Emmanuel André",31.9652214449944,0.0119989569988718,18972,0.0119989569988718,2632.03477855501,"110"
"Belgium",2021-12-12,1731,"Cq<25 only; last day incomplete","Federal Test Platform, contact:Emmanuel André",42.8355417541606,0.0247461246413406,18973,0.0247461246413406,1688.16445824584,"111"
"Belgium",2021-12-13,2030,"Cq<25 only; last day incomplete","Federal Test Platform, contact:Emmanuel André",65.5046537484882,0.0322683023391567,18974,0.0322683023391567,1964.49534625151,"112"
"Belgium",2021-12-14,2770,"Cq<25 only; last day incomplete","Federal Test Platform, contact:Emmanuel André",95.1754964354493,0.034359384994747,18975,0.034359384994747,2674.82450356455,"113"
"Belgium",2021-12-15,2463,"Cq<25 only; last day incomplete","Federal Test Platform, contact:Emmanuel André",159.433454452799,0.0647314065987815,18976,0.0647314065987815,2303.5665455472,"114"
"Belgium",2021-12-16,1949,"Cq<25 only; last day incomplete","Federal Test Platform, contact:Emmanuel André",156.879271667212,0.0804921865916944,18977,0.0804921865916944,1792.12072833279,"115"
"Belgium",2021-12-17,1873,"Cq<25 only; last day incomplete","Federal Test Platform, contact:Emmanuel André",196.766323883915,0.105054097108337,18978,0.105054097108337,1676.23367611609,"116"
"Belgium",2021-12-18,1610,"Cq<25 only; last day incomplete","Federal Test Platform, contact:Emmanuel André",197.120890726363,0.122435335854884,18979,0.122435335854884,1412.87910927364,"117"
"Belgium",2021-12-19,1454,"Cq<25 only; last day incomplete","Federal Test Platform, contact:Emmanuel André",246.030489646242,0.169209415162477,18980,0.169209415162477,1207.96951035376,"118"
"Belgium",2021-12-20,1436,"Cq<25 only; last day incomplete","Federal Test Platform, contact:Emmanuel André",312.896608341463,0.217894574053944,18981,0.217894574053944,1123.10339165854,"119"
"Belgium",2021-12-21,1997,"Cq<25 only; last day incomplete","Federal Test Platform, contact:Emmanuel André",535.974387659625,0.268389778497559,18982,0.268389778497559,1461.02561234037,"120"
"Belgium",2021-12-22,1889,"Cq<25 only; last day incomplete","Federal Test Platform, contact:Emmanuel André",621.055917980275,0.328774969814862,18983,0.328774969814862,1267.94408201972,"121"
"Belgium",2021-12-23,1914,"Cq<25 only; last day incomplete","Federal Test Platform, contact:Emmanuel André",783.879540973188,0.409550439379931,18984,0.409550439379931,1130.12045902681,"122"
"Denmark",2021-11-27,3975,NA,"Statens Serum Institut, https://covid19.ssi.dk/virusvarianter/delta-pcr",3,0.000754716981132075,18958,0.000754716981132075,3972,"123"
"Denmark",2021-11-28,3916,NA,"Statens Serum Institut, https://covid19.ssi.dk/virusvarianter/delta-pcr",11,0.00280898876404494,18959,0.00280898876404494,3905,"124"
"Denmark",2021-11-29,4889,NA,"Statens Serum Institut, https://covid19.ssi.dk/virusvarianter/delta-pcr",12,0.0024544896706893,18960,0.0024544896706893,4877,"125"
"Denmark",2021-11-30,5250,NA,"Statens Serum Institut, https://covid19.ssi.dk/virusvarianter/delta-pcr",24,0.00457142857142857,18961,0.00457142857142857,5226,"126"
"Denmark",2021-12-01,4332,NA,"Statens Serum Institut, https://covid19.ssi.dk/virusvarianter/delta-pcr",77,0.0177746999076639,18962,0.0177746999076639,4255,"127"
"Denmark",2021-12-02,4430,NA,"Statens Serum Institut, https://covid19.ssi.dk/virusvarianter/delta-pcr",62,0.0139954853273138,18963,0.0139954853273138,4368,"128"
"Denmark",2021-12-03,5037,NA,"Statens Serum Institut, https://covid19.ssi.dk/virusvarianter/delta-pcr",75,0.0148898153662895,18964,0.0148898153662895,4962,"129"
"Denmark",2021-12-04,5230,NA,"Statens Serum Institut, https://covid19.ssi.dk/virusvarianter/delta-pcr",111,0.0212237093690249,18965,0.0212237093690249,5119,"130"
"Denmark",2021-12-05,5106,NA,"Statens Serum Institut, https://covid19.ssi.dk/virusvarianter/delta-pcr",167,0.0327066196631414,18966,0.0327066196631414,4939,"131"
"Denmark",2021-12-06,6915,NA,"Statens Serum Institut, https://covid19.ssi.dk/virusvarianter/delta-pcr",337,0.0487346348517715,18967,0.0487346348517715,6578,"132"
"Denmark",2021-12-07,7138,NA,"Statens Serum Institut, https://covid19.ssi.dk/virusvarianter/delta-pcr",515,0.072149061361726,18968,0.072149061361726,6623,"133"
"Denmark",2021-12-08,6379,NA,"Statens Serum Institut, https://covid19.ssi.dk/virusvarianter/delta-pcr",649,0.101740084652767,18969,0.101740084652767,5730,"134"
"Denmark",2021-12-09,6333,NA,"Statens Serum Institut, https://covid19.ssi.dk/virusvarianter/delta-pcr",707,0.111637454602874,18970,0.111637454602874,5626,"135"
"Denmark",2021-12-10,6590,NA,"Statens Serum Institut, https://covid19.ssi.dk/virusvarianter/delta-pcr",843,0.127921092564492,18971,0.127921092564492,5747,"136"
"Denmark",2021-12-11,6541,NA,"Statens Serum Institut, https://covid19.ssi.dk/virusvarianter/delta-pcr",1080,0.165112368139428,18972,0.165112368139428,5461,"137"
"Denmark",2021-12-12,6894,NA,"Statens Serum Institut, https://covid19.ssi.dk/virusvarianter/delta-pcr",1521,0.220626631853786,18973,0.220626631853786,5373,"138"
"Denmark",2021-12-13,9461,NA,"Statens Serum Institut, https://covid19.ssi.dk/virusvarianter/delta-pcr",2691,0.284430821266251,18974,0.284430821266251,6770,"139"
"Denmark",2021-12-14,10651,NA,"Statens Serum Institut, https://covid19.ssi.dk/virusvarianter/delta-pcr",4044,0.379682658905267,18975,0.379682658905267,6607,"140"
"Denmark",2021-12-15,10564,NA,"Statens Serum Institut, https://covid19.ssi.dk/virusvarianter/delta-pcr",4827,0.456929193487315,18976,0.456929193487315,5737,"141"
"Denmark",2021-12-16,9743,NA,"Statens Serum Institut, https://covid19.ssi.dk/virusvarianter/delta-pcr",4438,0.455506517499743,18977,0.455506517499743,5305,"142"
"Denmark",2021-12-17,10097,NA,"Statens Serum Institut, https://covid19.ssi.dk/virusvarianter/delta-pcr",5184,0.513419827671586,18978,0.513419827671586,4913,"143"
"Denmark",2021-12-18,7705,NA,"Statens Serum Institut, https://covid19.ssi.dk/virusvarianter/delta-pcr",4063,0.527319922128488,18979,0.527319922128488,3642,"144"
"Denmark",2021-12-19,6665,NA,"Statens Serum Institut, https://covid19.ssi.dk/virusvarianter/delta-pcr",3927,0.589197299324831,18980,0.589197299324831,2738,"145"
"Denmark",2021-12-20,2513,NA,"Statens Serum Institut, https://covid19.ssi.dk/virusvarianter/delta-pcr",1539,0.61241543971349,18981,0.61241543971349,974,"146"
"Denmark",2021-12-21,1171,NA,"Statens Serum Institut, https://covid19.ssi.dk/virusvarianter/delta-pcr",841,0.718189581554227,18982,0.718189581554227,330,"147"
"Denmark",2021-12-22,775,NA,"Statens Serum Institut, https://covid19.ssi.dk/virusvarianter/delta-pcr",584,0.753548387096774,18983,0.753548387096774,191,"148"
"Denmark",2021-12-23,176,NA,"Statens Serum Institut, https://covid19.ssi.dk/virusvarianter/delta-pcr",131,0.744318181818182,18984,0.744318181818182,45,"149"
