collection_date,REGION,sgtf,non_sgtf
2020-03-29,London,0,0
2020-03-29,Midlands,0,0
2020-03-29,South East,0,0
2020-03-29,South West,0,0
2020-03-30,London,0,0
2020-03-30,South East,0,0
2020-03-31,London,0,0
2020-03-31,Midlands,0,0
2020-03-31,South East,0,0
2020-04-01,East of England,0,0
2020-04-01,London,0,0
2020-04-01,South East,0,0
2020-04-02,East of England,0,0
2020-04-02,London,0,0
2020-04-02,South East,0,0
2020-04-03,East of England,0,0
2020-04-03,London,0,0
2020-04-03,South East,0,0
2020-04-03,South West,0,0
2020-04-04,East of England,0,0
2020-04-04,London,0,0
2020-04-04,Midlands,0,0
2020-04-04,South East,0,0
2020-04-05,East of England,0,0
2020-04-05,London,0,0
2020-04-05,Midlands,0,0
2020-04-05,North West,0,0
2020-04-05,South East,0,0
2020-04-06,East of England,0,0
2020-04-06,London,0,0
2020-04-06,Midlands,0,0
2020-04-06,South East,0,0
2020-04-07,East of England,0,0
2020-04-07,London,0,0
2020-04-07,Midlands,0,0
2020-04-07,North East and Yorkshire,0,0
2020-04-07,South East,0,0
2020-04-08,East of England,0,0
2020-04-08,London,0,0
2020-04-08,Midlands,0,0
2020-04-08,South East,0,0
2020-04-09,East of England,0,0
2020-04-09,London,0,0
2020-04-09,Midlands,0,0
2020-04-09,North East and Yorkshire,0,0
2020-04-09,South East,0,0
2020-04-10,East of England,0,0
2020-04-10,London,0,0
2020-04-10,Midlands,0,0
2020-04-10,North East and Yorkshire,0,0
2020-04-10,South East,0,0
2020-04-11,East of England,0,0
2020-04-11,London,0,0
2020-04-11,Midlands,0,0
2020-04-11,North East and Yorkshire,0,0
2020-04-11,South East,0,0
2020-04-12,East of England,0,0
2020-04-12,London,0,0
2020-04-12,Midlands,0,0
2020-04-12,North East and Yorkshire,0,0
2020-04-12,North West,0,0
2020-04-12,South East,0,0
2020-04-12,South West,0,0
2020-04-13,East of England,0,0
2020-04-13,London,0,0
2020-04-13,Midlands,0,0
2020-04-13,North East and Yorkshire,0,0
2020-04-13,North West,0,0
2020-04-13,South East,0,0
2020-04-14,East of England,0,0
2020-04-14,London,0,0
2020-04-14,Midlands,0,0
2020-04-14,North East and Yorkshire,0,0
2020-04-14,South East,0,0
2020-04-15,East of England,0,0
2020-04-15,London,0,0
2020-04-15,Midlands,0,0
2020-04-15,North East and Yorkshire,0,0
2020-04-15,North West,0,0
2020-04-15,South East,0,0
2020-04-15,South West,0,0
2020-04-16,East of England,0,0
2020-04-16,London,0,0
2020-04-16,Midlands,0,0
2020-04-16,North East and Yorkshire,0,0
2020-04-16,North West,0,0
2020-04-16,South East,0,0
2020-04-16,South West,0,0
2020-04-17,East of England,0,0
2020-04-17,London,0,0
2020-04-17,Midlands,0,0
2020-04-17,North East and Yorkshire,0,0
2020-04-17,North West,0,0
2020-04-17,South East,0,0
2020-04-17,South West,0,0
2020-04-18,East of England,0,0
2020-04-18,London,0,0
2020-04-18,Midlands,0,0
2020-04-18,North East and Yorkshire,0,0
2020-04-18,North West,0,0
2020-04-18,South East,0,0
2020-04-18,South West,0,0
2020-04-19,East of England,0,0
2020-04-19,London,0,0
2020-04-19,Midlands,0,0
2020-04-19,North East and Yorkshire,0,0
2020-04-19,North West,0,0
2020-04-19,South East,0,0
2020-04-19,South West,0,0
2020-04-20,East of England,0,0
2020-04-20,London,0,0
2020-04-20,Midlands,0,0
2020-04-20,North East and Yorkshire,0,0
2020-04-20,North West,0,0
2020-04-20,South East,0,0
2020-04-20,South West,0,0
2020-04-21,East of England,0,0
2020-04-21,London,0,0
2020-04-21,Midlands,0,0
2020-04-21,North East and Yorkshire,0,0
2020-04-21,North West,0,0
2020-04-21,South East,0,0
2020-04-21,South West,0,0
2020-04-22,East of England,0,0
2020-04-22,London,0,0
2020-04-22,Midlands,0,0
2020-04-22,North East and Yorkshire,0,0
2020-04-22,North West,0,0
2020-04-22,South East,0,0
2020-04-22,South West,0,0
2020-04-23,East of England,0,0
2020-04-23,London,0,0
2020-04-23,Midlands,0,0
2020-04-23,North East and Yorkshire,0,0
2020-04-23,North West,0,0
2020-04-23,South East,0,0
2020-04-23,South West,0,0
2020-04-24,East of England,0,0
2020-04-24,London,0,0
2020-04-24,Midlands,0,0
2020-04-24,North East and Yorkshire,0,0
2020-04-24,North West,0,0
2020-04-24,South East,0,0
2020-04-24,South West,0,0
2020-04-25,East of England,0,0
2020-04-25,London,0,0
2020-04-25,Midlands,0,0
2020-04-25,North East and Yorkshire,0,0
2020-04-25,North West,0,0
2020-04-25,South East,0,0
2020-04-25,South West,0,0
2020-04-26,East of England,0,0
2020-04-26,London,0,0
2020-04-26,Midlands,0,0
2020-04-26,North East and Yorkshire,0,0
2020-04-26,North West,0,0
2020-04-26,South East,0,0
2020-04-26,South West,0,0
2020-04-27,East of England,0,0
2020-04-27,London,0,0
2020-04-27,Midlands,0,0
2020-04-27,North East and Yorkshire,0,0
2020-04-27,North West,0,0
2020-04-27,South East,0,0
2020-04-27,South West,0,0
2020-04-28,East of England,0,0
2020-04-28,London,0,0
2020-04-28,Midlands,0,0
2020-04-28,North East and Yorkshire,0,0
2020-04-28,North West,0,0
2020-04-28,South East,0,0
2020-04-28,South West,0,0
2020-04-29,East of England,0,0
2020-04-29,London,0,0
2020-04-29,Midlands,0,0
2020-04-29,North East and Yorkshire,0,0
2020-04-29,North West,0,0
2020-04-29,South East,0,0
2020-04-29,South West,0,0
2020-04-30,East of England,0,0
2020-04-30,London,0,0
2020-04-30,Midlands,0,0
2020-04-30,North East and Yorkshire,0,0
2020-04-30,North West,0,0
2020-04-30,South East,0,0
2020-04-30,South West,0,0
2020-05-01,East of England,0,0
2020-05-01,London,0,0
2020-05-01,Midlands,0,0
2020-05-01,North East and Yorkshire,0,0
2020-05-01,North West,0,0
2020-05-01,South East,0,0
2020-05-01,South West,0,0
2020-05-02,East of England,0,0
2020-05-02,London,0,0
2020-05-02,Midlands,0,0
2020-05-02,North East and Yorkshire,0,0
2020-05-02,North West,0,0
2020-05-02,South East,0,0
2020-05-02,South West,0,0
2020-05-03,East of England,0,0
2020-05-03,London,0,0
2020-05-03,Midlands,0,0
2020-05-03,North East and Yorkshire,0,0
2020-05-03,North West,0,0
2020-05-03,South East,0,0
2020-05-03,South West,0,0
2020-05-04,East of England,0,0
2020-05-04,London,0,0
2020-05-04,Midlands,0,0
2020-05-04,North East and Yorkshire,0,0
2020-05-04,North West,0,0
2020-05-04,South East,0,0
2020-05-04,South West,0,0
2020-05-05,East of England,0,0
2020-05-05,London,0,0
2020-05-05,Midlands,0,0
2020-05-05,North East and Yorkshire,0,0
2020-05-05,North West,0,0
2020-05-05,South East,0,0
2020-05-05,South West,0,0
2020-05-06,East of England,0,0
2020-05-06,London,0,0
2020-05-06,Midlands,0,0
2020-05-06,North East and Yorkshire,0,0
2020-05-06,North West,0,0
2020-05-06,South East,0,0
2020-05-06,South West,0,0
2020-05-07,East of England,0,0
2020-05-07,London,0,0
2020-05-07,Midlands,0,0
2020-05-07,North East and Yorkshire,0,0
2020-05-07,North West,0,0
2020-05-07,South East,0,0
2020-05-07,South West,0,0
2020-05-08,East of England,0,0
2020-05-08,London,0,0
2020-05-08,Midlands,0,0
2020-05-08,North East and Yorkshire,0,0
2020-05-08,North West,0,0
2020-05-08,South East,0,0
2020-05-08,South West,0,0
2020-05-09,East of England,0,0
2020-05-09,London,0,0
2020-05-09,Midlands,0,0
2020-05-09,North East and Yorkshire,0,0
2020-05-09,North West,0,0
2020-05-09,South East,0,0
2020-05-09,South West,0,0
2020-05-10,East of England,0,0
2020-05-10,London,0,0
2020-05-10,Midlands,0,0
2020-05-10,North East and Yorkshire,0,0
2020-05-10,North West,0,0
2020-05-10,South East,0,0
2020-05-10,South West,0,0
2020-05-11,East of England,0,0
2020-05-11,London,0,0
2020-05-11,Midlands,0,0
2020-05-11,North East and Yorkshire,0,0
2020-05-11,North West,0,0
2020-05-11,South East,0,0
2020-05-11,South West,0,0
2020-05-12,East of England,0,0
2020-05-12,London,0,0
2020-05-12,Midlands,0,0
2020-05-12,North East and Yorkshire,0,0
2020-05-12,North West,0,0
2020-05-12,South East,0,0
2020-05-12,South West,0,0
2020-05-13,East of England,0,0
2020-05-13,London,0,0
2020-05-13,Midlands,0,0
2020-05-13,North East and Yorkshire,0,0
2020-05-13,North West,0,0
2020-05-13,South East,0,0
2020-05-13,South West,0,0
2020-05-14,East of England,0,0
2020-05-14,London,0,0
2020-05-14,Midlands,0,0
2020-05-14,North East and Yorkshire,0,0
2020-05-14,North West,0,0
2020-05-14,South East,0,0
2020-05-14,South West,0,0
2020-05-15,East of England,0,0
2020-05-15,London,0,0
2020-05-15,Midlands,0,0
2020-05-15,North East and Yorkshire,0,0
2020-05-15,North West,0,0
2020-05-15,South East,0,0
2020-05-15,South West,0,0
2020-05-16,East of England,0,0
2020-05-16,London,0,0
2020-05-16,Midlands,0,0
2020-05-16,North East and Yorkshire,0,0
2020-05-16,North West,0,0
2020-05-16,South East,0,0
2020-05-16,South West,0,0
2020-05-17,East of England,0,0
2020-05-17,London,0,0
2020-05-17,Midlands,0,0
2020-05-17,North East and Yorkshire,0,0
2020-05-17,North West,0,0
2020-05-17,South East,0,0
2020-05-17,South West,0,0
2020-05-18,East of England,0,0
2020-05-18,London,0,0
2020-05-18,Midlands,0,0
2020-05-18,North East and Yorkshire,0,0
2020-05-18,North West,0,0
2020-05-18,South East,0,0
2020-05-18,South West,0,0
2020-05-19,East of England,0,0
2020-05-19,London,0,0
2020-05-19,Midlands,0,0
2020-05-19,North East and Yorkshire,0,0
2020-05-19,North West,0,0
2020-05-19,South East,0,0
2020-05-19,South West,0,0
2020-05-20,East of England,0,0
2020-05-20,London,0,0
2020-05-20,Midlands,0,0
2020-05-20,North East and Yorkshire,0,0
2020-05-20,North West,0,0
2020-05-20,South East,0,0
2020-05-20,South West,0,0
2020-05-21,East of England,0,0
2020-05-21,London,0,0
2020-05-21,Midlands,0,0
2020-05-21,North East and Yorkshire,0,0
2020-05-21,North West,0,0
2020-05-21,South East,0,0
2020-05-21,South West,0,0
2020-05-22,East of England,0,0
2020-05-22,London,0,0
2020-05-22,Midlands,0,0
2020-05-22,North East and Yorkshire,0,0
2020-05-22,North West,0,0
2020-05-22,South East,0,0
2020-05-22,South West,0,0
2020-05-23,East of England,0,0
2020-05-23,London,0,0
2020-05-23,Midlands,0,0
2020-05-23,North East and Yorkshire,0,0
2020-05-23,North West,0,0
2020-05-23,South East,0,0
2020-05-23,South West,0,0
2020-05-24,East of England,0,0
2020-05-24,London,0,0
2020-05-24,Midlands,0,0
2020-05-24,North East and Yorkshire,0,0
2020-05-24,North West,0,0
2020-05-24,South East,0,0
2020-05-24,South West,0,0
2020-05-25,East of England,0,0
2020-05-25,London,0,0
2020-05-25,Midlands,0,0
2020-05-25,North East and Yorkshire,0,0
2020-05-25,North West,0,0
2020-05-25,South East,0,0
2020-05-25,South West,0,0
2020-05-26,East of England,0,0
2020-05-26,London,0,0
2020-05-26,Midlands,0,0
2020-05-26,North East and Yorkshire,0,0
2020-05-26,North West,0,0
2020-05-26,South East,0,0
2020-05-26,South West,0,0
2020-05-27,East of England,0,0
2020-05-27,London,0,0
2020-05-27,Midlands,0,0
2020-05-27,North East and Yorkshire,0,0
2020-05-27,North West,0,0
2020-05-27,South East,0,0
2020-05-27,South West,0,0
2020-05-28,East of England,0,0
2020-05-28,London,0,0
2020-05-28,Midlands,0,0
2020-05-28,North East and Yorkshire,0,0
2020-05-28,North West,0,0
2020-05-28,South East,0,0
2020-05-28,South West,0,0
2020-05-29,East of England,0,0
2020-05-29,London,0,0
2020-05-29,Midlands,0,0
2020-05-29,North East and Yorkshire,0,0
2020-05-29,North West,0,0
2020-05-29,South East,0,0
2020-05-29,South West,0,0
2020-05-30,East of England,0,0
2020-05-30,London,0,0
2020-05-30,Midlands,0,0
2020-05-30,North East and Yorkshire,0,0
2020-05-30,North West,0,0
2020-05-30,South East,0,0
2020-05-30,South West,0,0
2020-05-31,East of England,0,0
2020-05-31,London,0,0
2020-05-31,Midlands,0,0
2020-05-31,North East and Yorkshire,0,0
2020-05-31,North West,0,0
2020-05-31,South East,0,0
2020-05-31,South West,0,0
2020-06-01,East of England,0,0
2020-06-01,London,0,0
2020-06-01,Midlands,0,0
2020-06-01,North East and Yorkshire,0,0
2020-06-01,North West,0,0
2020-06-01,South East,0,0
2020-06-01,South West,0,0
2020-06-02,East of England,0,0
2020-06-02,London,0,0
2020-06-02,Midlands,0,0
2020-06-02,North East and Yorkshire,0,0
2020-06-02,North West,0,0
2020-06-02,South East,0,0
2020-06-02,South West,0,0
2020-06-03,East of England,0,0
2020-06-03,London,0,0
2020-06-03,Midlands,0,0
2020-06-03,North East and Yorkshire,0,0
2020-06-03,North West,0,0
2020-06-03,South East,0,0
2020-06-03,South West,0,0
2020-06-04,East of England,0,0
2020-06-04,London,0,0
2020-06-04,Midlands,0,0
2020-06-04,North East and Yorkshire,0,0
2020-06-04,North West,0,0
2020-06-04,South East,0,0
2020-06-04,South West,0,0
2020-06-05,East of England,0,0
2020-06-05,London,0,0
2020-06-05,Midlands,0,0
2020-06-05,North East and Yorkshire,0,0
2020-06-05,North West,0,0
2020-06-05,South East,0,0
2020-06-05,South West,0,0
2020-06-06,East of England,0,0
2020-06-06,London,0,0
2020-06-06,Midlands,0,0
2020-06-06,North East and Yorkshire,0,0
2020-06-06,North West,0,0
2020-06-06,South East,0,0
2020-06-06,South West,0,0
2020-06-07,East of England,0,0
2020-06-07,London,0,0
2020-06-07,Midlands,0,0
2020-06-07,North East and Yorkshire,0,0
2020-06-07,North West,0,0
2020-06-07,South East,0,0
2020-06-07,South West,0,0
2020-06-08,East of England,0,0
2020-06-08,London,0,0
2020-06-08,Midlands,0,0
2020-06-08,North East and Yorkshire,0,0
2020-06-08,North West,0,0
2020-06-08,South East,0,0
2020-06-08,South West,0,0
2020-06-09,East of England,0,0
2020-06-09,London,0,0
2020-06-09,Midlands,0,0
2020-06-09,North East and Yorkshire,0,0
2020-06-09,North West,0,0
2020-06-09,South East,0,0
2020-06-09,South West,0,0
2020-06-10,East of England,0,0
2020-06-10,London,0,0
2020-06-10,Midlands,0,0
2020-06-10,North East and Yorkshire,0,0
2020-06-10,North West,0,0
2020-06-10,South East,0,0
2020-06-10,South West,0,0
2020-06-11,East of England,0,0
2020-06-11,London,0,0
2020-06-11,Midlands,0,0
2020-06-11,North East and Yorkshire,0,0
2020-06-11,North West,0,0
2020-06-11,South East,0,0
2020-06-11,South West,0,0
2020-06-12,East of England,0,0
2020-06-12,London,0,0
2020-06-12,Midlands,0,0
2020-06-12,North East and Yorkshire,0,0
2020-06-12,North West,0,0
2020-06-12,South East,0,0
2020-06-12,South West,0,0
2020-06-13,East of England,0,0
2020-06-13,London,0,0
2020-06-13,Midlands,0,0
2020-06-13,North East and Yorkshire,0,0
2020-06-13,North West,0,0
2020-06-13,South East,0,0
2020-06-13,South West,0,0
2020-06-14,East of England,0,0
2020-06-14,London,0,0
2020-06-14,Midlands,0,0
2020-06-14,North East and Yorkshire,0,0
2020-06-14,North West,0,0
2020-06-14,South East,0,0
2020-06-14,South West,0,0
2020-06-15,East of England,0,0
2020-06-15,London,0,0
2020-06-15,Midlands,0,0
2020-06-15,North East and Yorkshire,0,0
2020-06-15,North West,0,0
2020-06-15,South East,0,0
2020-06-15,South West,0,0
2020-06-16,East of England,0,0
2020-06-16,London,0,0
2020-06-16,Midlands,0,0
2020-06-16,North East and Yorkshire,0,0
2020-06-16,North West,0,0
2020-06-16,South East,0,0
2020-06-16,South West,0,0
2020-06-17,East of England,0,0
2020-06-17,London,0,0
2020-06-17,Midlands,0,0
2020-06-17,North East and Yorkshire,0,0
2020-06-17,North West,0,0
2020-06-17,South East,0,0
2020-06-17,South West,0,0
2020-06-18,East of England,0,0
2020-06-18,London,0,0
2020-06-18,Midlands,0,0
2020-06-18,North East and Yorkshire,0,0
2020-06-18,North West,0,0
2020-06-18,South East,0,0
2020-06-18,South West,0,0
2020-06-19,East of England,0,0
2020-06-19,London,0,0
2020-06-19,Midlands,0,0
2020-06-19,North East and Yorkshire,0,0
2020-06-19,North West,0,0
2020-06-19,South East,0,0
2020-06-19,South West,0,0
2020-06-20,East of England,0,0
2020-06-20,London,0,0
2020-06-20,Midlands,0,0
2020-06-20,North East and Yorkshire,0,0
2020-06-20,North West,0,0
2020-06-20,South East,0,0
2020-06-20,South West,0,0
2020-06-21,East of England,0,0
2020-06-21,London,0,0
2020-06-21,Midlands,0,0
2020-06-21,North East and Yorkshire,0,0
2020-06-21,North West,0,0
2020-06-21,South East,0,0
2020-06-21,South West,0,0
2020-06-22,East of England,0,0
2020-06-22,London,0,0
2020-06-22,Midlands,0,0
2020-06-22,North East and Yorkshire,0,0
2020-06-22,North West,0,0
2020-06-22,South East,0,0
2020-06-22,South West,0,0
2020-06-23,East of England,0,0
2020-06-23,London,0,0
2020-06-23,Midlands,0,0
2020-06-23,North East and Yorkshire,0,0
2020-06-23,North West,0,0
2020-06-23,South East,0,0
2020-06-23,South West,0,0
2020-06-24,East of England,0,0
2020-06-24,London,0,0
2020-06-24,Midlands,0,0
2020-06-24,North East and Yorkshire,0,0
2020-06-24,North West,0,0
2020-06-24,South East,0,0
2020-06-24,South West,0,0
2020-06-25,East of England,0,0
2020-06-25,London,0,0
2020-06-25,Midlands,0,0
2020-06-25,North East and Yorkshire,0,0
2020-06-25,North West,0,0
2020-06-25,South East,0,0
2020-06-25,South West,0,0
2020-06-26,East of England,0,0
2020-06-26,London,0,0
2020-06-26,Midlands,0,0
2020-06-26,North East and Yorkshire,0,0
2020-06-26,North West,0,0
2020-06-26,South East,0,0
2020-06-26,South West,0,0
2020-06-27,East of England,0,0
2020-06-27,London,0,0
2020-06-27,Midlands,0,0
2020-06-27,North East and Yorkshire,0,0
2020-06-27,North West,0,0
2020-06-27,South East,0,0
2020-06-27,South West,0,0
2020-06-28,East of England,0,0
2020-06-28,London,0,0
2020-06-28,Midlands,0,0
2020-06-28,North East and Yorkshire,0,0
2020-06-28,North West,0,0
2020-06-28,South East,0,0
2020-06-28,South West,0,0
2020-06-29,East of England,0,0
2020-06-29,London,0,0
2020-06-29,Midlands,0,0
2020-06-29,North East and Yorkshire,0,0
2020-06-29,North West,0,0
2020-06-29,South East,0,0
2020-06-29,South West,0,0
2020-06-30,East of England,0,0
2020-06-30,London,0,0
2020-06-30,Midlands,0,0
2020-06-30,North East and Yorkshire,0,0
2020-06-30,North West,0,0
2020-06-30,South East,0,0
2020-06-30,South West,0,0
2020-07-01,East of England,0,0
2020-07-01,London,0,0
2020-07-01,Midlands,0,0
2020-07-01,North East and Yorkshire,0,0
2020-07-01,North West,0,0
2020-07-01,South East,0,0
2020-07-01,South West,0,0
2020-07-02,East of England,0,0
2020-07-02,London,0,0
2020-07-02,Midlands,0,0
2020-07-02,North East and Yorkshire,0,0
2020-07-02,North West,0,0
2020-07-02,South East,0,0
2020-07-02,South West,0,0
2020-07-03,East of England,0,0
2020-07-03,London,0,0
2020-07-03,Midlands,0,0
2020-07-03,North East and Yorkshire,0,0
2020-07-03,North West,0,0
2020-07-03,South East,0,0
2020-07-03,South West,0,0
2020-07-04,East of England,0,0
2020-07-04,London,0,0
2020-07-04,Midlands,0,0
2020-07-04,North East and Yorkshire,0,0
2020-07-04,North West,0,0
2020-07-04,South East,0,0
2020-07-04,South West,0,0
2020-07-05,East of England,0,0
2020-07-05,London,0,0
2020-07-05,Midlands,0,0
2020-07-05,North East and Yorkshire,0,0
2020-07-05,North West,0,0
2020-07-05,South East,0,0
2020-07-05,South West,0,0
2020-07-06,East of England,0,0
2020-07-06,London,0,0
2020-07-06,Midlands,0,0
2020-07-06,North East and Yorkshire,0,0
2020-07-06,North West,0,0
2020-07-06,South East,0,0
2020-07-06,South West,0,0
2020-07-07,East of England,0,0
2020-07-07,London,0,0
2020-07-07,Midlands,0,0
2020-07-07,North East and Yorkshire,0,0
2020-07-07,North West,0,0
2020-07-07,South East,0,0
2020-07-07,South West,0,0
2020-07-08,East of England,0,0
2020-07-08,London,0,0
2020-07-08,Midlands,0,0
2020-07-08,North East and Yorkshire,0,0
2020-07-08,North West,0,0
2020-07-08,South East,0,0
2020-07-08,South West,0,0
2020-07-09,East of England,0,0
2020-07-09,London,0,0
2020-07-09,Midlands,0,0
2020-07-09,North East and Yorkshire,0,0
2020-07-09,North West,0,0
2020-07-09,South East,0,0
2020-07-09,South West,0,0
2020-07-10,East of England,0,0
2020-07-10,London,0,0
2020-07-10,Midlands,0,0
2020-07-10,North East and Yorkshire,0,0
2020-07-10,North West,0,0
2020-07-10,South East,0,0
2020-07-10,South West,0,0
2020-07-11,East of England,0,0
2020-07-11,London,0,0
2020-07-11,Midlands,0,0
2020-07-11,North East and Yorkshire,0,0
2020-07-11,North West,0,0
2020-07-11,South East,0,0
2020-07-11,South West,0,0
2020-07-12,East of England,0,0
2020-07-12,London,0,0
2020-07-12,Midlands,0,0
2020-07-12,North East and Yorkshire,0,0
2020-07-12,North West,0,0
2020-07-12,South East,0,0
2020-07-12,South West,0,0
2020-07-13,East of England,0,0
2020-07-13,London,0,0
2020-07-13,Midlands,0,0
2020-07-13,North East and Yorkshire,0,0
2020-07-13,North West,0,0
2020-07-13,South East,0,0
2020-07-13,South West,0,0
2020-07-14,East of England,0,0
2020-07-14,London,0,0
2020-07-14,Midlands,0,0
2020-07-14,North East and Yorkshire,0,0
2020-07-14,North West,0,0
2020-07-14,South East,0,0
2020-07-14,South West,0,0
2020-07-15,East of England,0,0
2020-07-15,London,0,0
2020-07-15,Midlands,0,0
2020-07-15,North East and Yorkshire,0,0
2020-07-15,North West,0,0
2020-07-15,South East,0,0
2020-07-15,South West,0,0
2020-07-16,East of England,0,0
2020-07-16,London,0,0
2020-07-16,Midlands,0,0
2020-07-16,North East and Yorkshire,0,0
2020-07-16,North West,0,0
2020-07-16,South East,0,0
2020-07-16,South West,0,0
2020-07-17,East of England,0,0
2020-07-17,London,0,0
2020-07-17,Midlands,0,0
2020-07-17,North East and Yorkshire,0,0
2020-07-17,North West,0,0
2020-07-17,South East,0,0
2020-07-17,South West,0,0
2020-07-18,East of England,0,0
2020-07-18,London,0,0
2020-07-18,Midlands,0,0
2020-07-18,North East and Yorkshire,0,0
2020-07-18,North West,0,0
2020-07-18,South East,0,0
2020-07-18,South West,0,0
2020-07-19,East of England,0,0
2020-07-19,London,0,0
2020-07-19,Midlands,0,0
2020-07-19,North East and Yorkshire,0,0
2020-07-19,North West,0,0
2020-07-19,South East,0,0
2020-07-19,South West,0,0
2020-07-20,East of England,0,0
2020-07-20,London,0,0
2020-07-20,Midlands,0,0
2020-07-20,North East and Yorkshire,0,0
2020-07-20,North West,0,0
2020-07-20,South East,0,0
2020-07-20,South West,0,0
2020-07-21,East of England,0,0
2020-07-21,London,0,0
2020-07-21,Midlands,0,0
2020-07-21,North East and Yorkshire,0,0
2020-07-21,North West,0,0
2020-07-21,South East,0,0
2020-07-21,South West,0,0
2020-07-22,East of England,0,0
2020-07-22,London,0,0
2020-07-22,Midlands,0,0
2020-07-22,North East and Yorkshire,0,0
2020-07-22,North West,0,0
2020-07-22,South East,0,0
2020-07-22,South West,0,0
2020-07-23,East of England,0,0
2020-07-23,London,0,0
2020-07-23,Midlands,0,0
2020-07-23,North East and Yorkshire,0,0
2020-07-23,North West,0,0
2020-07-23,South East,0,0
2020-07-23,South West,0,0
2020-07-24,East of England,0,0
2020-07-24,London,0,0
2020-07-24,Midlands,0,0
2020-07-24,North East and Yorkshire,0,0
2020-07-24,North West,0,0
2020-07-24,South East,0,0
2020-07-24,South West,0,0
2020-07-25,East of England,0,0
2020-07-25,London,0,0
2020-07-25,Midlands,0,0
2020-07-25,North East and Yorkshire,0,0
2020-07-25,North West,0,0
2020-07-25,South East,0,0
2020-07-25,South West,0,0
2020-07-26,East of England,0,0
2020-07-26,London,0,0
2020-07-26,Midlands,0,0
2020-07-26,North East and Yorkshire,0,0
2020-07-26,North West,0,0
2020-07-26,South East,0,0
2020-07-26,South West,0,0
2020-07-27,East of England,0,0
2020-07-27,London,0,0
2020-07-27,Midlands,0,0
2020-07-27,North East and Yorkshire,0,0
2020-07-27,North West,0,0
2020-07-27,South East,0,0
2020-07-27,South West,0,0
2020-07-28,East of England,0,0
2020-07-28,London,0,0
2020-07-28,Midlands,0,0
2020-07-28,North East and Yorkshire,0,0
2020-07-28,North West,0,0
2020-07-28,South East,0,0
2020-07-28,South West,0,0
2020-07-29,East of England,0,0
2020-07-29,London,0,0
2020-07-29,Midlands,0,0
2020-07-29,North East and Yorkshire,0,0
2020-07-29,North West,0,0
2020-07-29,South East,0,0
2020-07-29,South West,0,0
2020-07-30,East of England,0,0
2020-07-30,London,0,0
2020-07-30,Midlands,0,0
2020-07-30,North East and Yorkshire,0,0
2020-07-30,North West,0,0
2020-07-30,South East,0,0
2020-07-30,South West,0,0
2020-07-31,East of England,0,0
2020-07-31,London,0,0
2020-07-31,Midlands,0,0
2020-07-31,North East and Yorkshire,0,0
2020-07-31,North West,0,0
2020-07-31,South East,0,0
2020-07-31,South West,0,0
2020-08-01,East of England,0,0
2020-08-01,London,0,0
2020-08-01,Midlands,0,0
2020-08-01,North East and Yorkshire,0,0
2020-08-01,North West,0,0
2020-08-01,South East,0,0
2020-08-01,South West,0,0
2020-08-02,East of England,0,0
2020-08-02,London,0,0
2020-08-02,Midlands,0,0
2020-08-02,North East and Yorkshire,0,0
2020-08-02,North West,0,0
2020-08-02,South East,0,0
2020-08-02,South West,0,0
2020-08-03,East of England,0,0
2020-08-03,London,0,0
2020-08-03,Midlands,0,0
2020-08-03,North East and Yorkshire,0,0
2020-08-03,North West,0,0
2020-08-03,South East,0,0
2020-08-03,South West,0,0
2020-08-04,East of England,0,0
2020-08-04,London,0,0
2020-08-04,Midlands,0,0
2020-08-04,North East and Yorkshire,0,0
2020-08-04,North West,0,0
2020-08-04,South East,0,0
2020-08-04,South West,0,0
2020-08-05,East of England,0,0
2020-08-05,London,0,0
2020-08-05,Midlands,0,0
2020-08-05,North East and Yorkshire,0,0
2020-08-05,North West,0,0
2020-08-05,South East,0,0
2020-08-05,South West,0,0
2020-08-06,East of England,0,0
2020-08-06,London,0,0
2020-08-06,Midlands,0,0
2020-08-06,North East and Yorkshire,0,0
2020-08-06,North West,0,0
2020-08-06,South East,0,0
2020-08-06,South West,0,0
2020-08-07,East of England,0,0
2020-08-07,London,0,0
2020-08-07,Midlands,0,0
2020-08-07,North East and Yorkshire,0,0
2020-08-07,North West,0,0
2020-08-07,South East,0,0
2020-08-07,South West,0,0
2020-08-08,East of England,0,0
2020-08-08,London,0,0
2020-08-08,Midlands,0,0
2020-08-08,North East and Yorkshire,0,0
2020-08-08,North West,0,0
2020-08-08,South East,0,0
2020-08-08,South West,0,0
2020-08-09,East of England,0,0
2020-08-09,London,0,0
2020-08-09,Midlands,0,0
2020-08-09,North East and Yorkshire,0,0
2020-08-09,North West,0,0
2020-08-09,South East,0,0
2020-08-09,South West,0,0
2020-08-10,East of England,0,0
2020-08-10,London,0,0
2020-08-10,Midlands,0,0
2020-08-10,North East and Yorkshire,0,0
2020-08-10,North West,0,0
2020-08-10,South East,0,0
2020-08-10,South West,0,0
2020-08-11,East of England,0,0
2020-08-11,London,0,0
2020-08-11,Midlands,0,0
2020-08-11,North East and Yorkshire,0,0
2020-08-11,North West,0,0
2020-08-11,South East,0,0
2020-08-11,South West,0,0
2020-08-12,East of England,0,0
2020-08-12,London,0,0
2020-08-12,Midlands,0,0
2020-08-12,North East and Yorkshire,0,0
2020-08-12,North West,0,0
2020-08-12,South East,0,0
2020-08-12,South West,0,0
2020-08-13,East of England,0,0
2020-08-13,London,0,0
2020-08-13,Midlands,0,0
2020-08-13,North East and Yorkshire,0,0
2020-08-13,North West,0,0
2020-08-13,South East,0,0
2020-08-13,South West,0,0
2020-08-14,East of England,0,0
2020-08-14,London,0,0
2020-08-14,Midlands,0,0
2020-08-14,North East and Yorkshire,0,0
2020-08-14,North West,0,0
2020-08-14,South East,0,0
2020-08-14,South West,0,0
2020-08-15,East of England,0,0
2020-08-15,London,0,0
2020-08-15,Midlands,0,0
2020-08-15,North East and Yorkshire,0,0
2020-08-15,North West,0,0
2020-08-15,South East,0,0
2020-08-15,South West,0,0
2020-08-16,East of England,0,0
2020-08-16,London,0,0
2020-08-16,Midlands,0,0
2020-08-16,North East and Yorkshire,0,0
2020-08-16,North West,0,0
2020-08-16,South East,0,0
2020-08-16,South West,0,0
2020-08-17,East of England,0,0
2020-08-17,London,0,0
2020-08-17,Midlands,0,0
2020-08-17,North East and Yorkshire,0,0
2020-08-17,North West,0,0
2020-08-17,South East,0,0
2020-08-17,South West,0,0
2020-08-18,East of England,0,0
2020-08-18,London,0,0
2020-08-18,Midlands,0,0
2020-08-18,North East and Yorkshire,0,0
2020-08-18,North West,0,0
2020-08-18,South East,0,0
2020-08-18,South West,0,0
2020-08-19,East of England,0,0
2020-08-19,London,0,0
2020-08-19,Midlands,0,0
2020-08-19,North East and Yorkshire,0,0
2020-08-19,North West,0,0
2020-08-19,South East,0,0
2020-08-19,South West,0,0
2020-08-20,East of England,0,0
2020-08-20,London,0,0
2020-08-20,Midlands,0,0
2020-08-20,North East and Yorkshire,0,0
2020-08-20,North West,0,0
2020-08-20,South East,0,0
2020-08-20,South West,0,0
2020-08-21,East of England,0,0
2020-08-21,London,0,0
2020-08-21,Midlands,0,0
2020-08-21,North East and Yorkshire,0,0
2020-08-21,North West,0,0
2020-08-21,South East,0,0
2020-08-21,South West,0,0
2020-08-22,East of England,0,0
2020-08-22,London,0,0
2020-08-22,Midlands,0,0
2020-08-22,North East and Yorkshire,0,0
2020-08-22,North West,0,0
2020-08-22,South East,0,0
2020-08-22,South West,0,0
2020-08-23,East of England,0,0
2020-08-23,London,0,0
2020-08-23,Midlands,0,0
2020-08-23,North East and Yorkshire,0,0
2020-08-23,North West,0,0
2020-08-23,South East,0,0
2020-08-23,South West,0,0
2020-08-24,East of England,0,0
2020-08-24,London,0,0
2020-08-24,Midlands,0,0
2020-08-24,North East and Yorkshire,0,0
2020-08-24,North West,0,0
2020-08-24,South East,0,0
2020-08-24,South West,0,0
2020-08-25,East of England,0,0
2020-08-25,London,0,0
2020-08-25,Midlands,0,0
2020-08-25,North East and Yorkshire,0,0
2020-08-25,North West,0,0
2020-08-25,South East,0,0
2020-08-25,South West,0,0
2020-08-26,East of England,0,0
2020-08-26,London,0,0
2020-08-26,Midlands,0,0
2020-08-26,North East and Yorkshire,0,0
2020-08-26,North West,0,0
2020-08-26,South East,0,0
2020-08-26,South West,0,0
2020-08-27,East of England,0,0
2020-08-27,London,0,0
2020-08-27,Midlands,0,0
2020-08-27,North East and Yorkshire,0,0
2020-08-27,North West,0,0
2020-08-27,South East,0,0
2020-08-27,South West,0,0
2020-08-28,East of England,0,0
2020-08-28,London,0,0
2020-08-28,Midlands,0,0
2020-08-28,North East and Yorkshire,0,0
2020-08-28,North West,0,0
2020-08-28,South East,0,0
2020-08-28,South West,0,0
2020-08-29,East of England,0,0
2020-08-29,London,0,0
2020-08-29,Midlands,0,0
2020-08-29,North East and Yorkshire,0,0
2020-08-29,North West,0,0
2020-08-29,South East,0,0
2020-08-29,South West,0,0
2020-08-30,East of England,0,0
2020-08-30,London,0,0
2020-08-30,Midlands,0,0
2020-08-30,North East and Yorkshire,0,0
2020-08-30,North West,0,0
2020-08-30,South East,0,0
2020-08-30,South West,0,0
2020-08-31,East of England,0,0
2020-08-31,London,0,0
2020-08-31,Midlands,0,0
2020-08-31,North East and Yorkshire,0,0
2020-08-31,North West,0,0
2020-08-31,South East,0,0
2020-08-31,South West,0,0
2020-09-01,East of England,2,55
2020-09-01,London,6,134
2020-09-01,Midlands,9,186
2020-09-01,North East and Yorkshire,1,139
2020-09-01,North West,4,252
2020-09-01,South East,2,49
2020-09-01,South West,2,55
2020-09-02,East of England,4,53
2020-09-02,London,6,140
2020-09-02,Midlands,7,295
2020-09-02,North East and Yorkshire,3,204
2020-09-02,North West,9,326
2020-09-02,South East,3,70
2020-09-02,South West,2,50
2020-09-03,East of England,2,67
2020-09-03,London,4,133
2020-09-03,Midlands,6,292
2020-09-03,North East and Yorkshire,0,202
2020-09-03,North West,5,332
2020-09-03,South East,9,77
2020-09-03,South West,7,41
2020-09-04,East of England,9,71
2020-09-04,London,1,158
2020-09-04,Midlands,6,347
2020-09-04,North East and Yorkshire,2,208
2020-09-04,North West,4,398
2020-09-04,South East,0,73
2020-09-04,South West,2,46
2020-09-05,East of England,2,58
2020-09-05,London,5,165
2020-09-05,Midlands,1,308
2020-09-05,North East and Yorkshire,1,247
2020-09-05,North West,1,364
2020-09-05,South East,2,88
2020-09-05,South West,4,39
2020-09-06,East of England,3,47
2020-09-06,London,5,138
2020-09-06,Midlands,1,220
2020-09-06,North East and Yorkshire,0,84
2020-09-06,North West,6,253
2020-09-06,South East,3,95
2020-09-06,South West,5,20
2020-09-07,East of England,5,76
2020-09-07,London,10,239
2020-09-07,Midlands,6,341
2020-09-07,North East and Yorkshire,1,298
2020-09-07,North West,3,443
2020-09-07,South East,0,91
2020-09-07,South West,2,46
2020-09-08,East of England,3,57
2020-09-08,London,4,147
2020-09-08,Midlands,1,365
2020-09-08,North East and Yorkshire,0,262
2020-09-08,North West,1,455
2020-09-08,South East,1,84
2020-09-08,South West,4,22
2020-09-09,East of England,4,74
2020-09-09,London,3,129
2020-09-09,Midlands,1,295
2020-09-09,North East and Yorkshire,4,215
2020-09-09,North West,2,443
2020-09-09,South East,0,67
2020-09-09,South West,1,43
2020-09-10,East of England,0,71
2020-09-10,London,7,144
2020-09-10,Midlands,1,306
2020-09-10,North East and Yorkshire,0,341
2020-09-10,North West,5,515
2020-09-10,South East,1,72
2020-09-10,South West,2,23
2020-09-11,East of England,4,59
2020-09-11,London,3,178
2020-09-11,Midlands,3,310
2020-09-11,North East and Yorkshire,4,260
2020-09-11,North West,3,517
2020-09-11,South East,1,53
2020-09-11,South West,4,32
2020-09-12,East of England,3,52
2020-09-12,London,7,130
2020-09-12,Midlands,2,125
2020-09-12,North East and Yorkshire,0,138
2020-09-12,North West,5,303
2020-09-12,South East,5,56
2020-09-12,South West,2,26
2020-09-13,East of England,2,35
2020-09-13,London,0,65
2020-09-13,Midlands,0,24
2020-09-13,North East and Yorkshire,0,15
2020-09-13,North West,1,17
2020-09-13,South East,0,25
2020-09-13,South West,1,29
2020-09-14,East of England,10,48
2020-09-14,London,8,126
2020-09-14,Midlands,1,265
2020-09-14,North East and Yorkshire,3,274
2020-09-14,North West,2,524
2020-09-14,South East,6,45
2020-09-14,South West,1,29
2020-09-15,East of England,10,46
2020-09-15,London,4,104
2020-09-15,Midlands,0,335
2020-09-15,North East and Yorkshire,1,358
2020-09-15,North West,8,595
2020-09-15,South East,2,57
2020-09-15,South West,4,32
2020-09-16,East of England,8,46
2020-09-16,London,4,124
2020-09-16,Midlands,2,375
2020-09-16,North East and Yorkshire,6,542
2020-09-16,North West,8,812
2020-09-16,South East,4,42
2020-09-16,South West,3,26
2020-09-17,East of England,1,52
2020-09-17,London,5,170
2020-09-17,Midlands,1,471
2020-09-17,North East and Yorkshire,4,574
2020-09-17,North West,7,950
2020-09-17,South East,1,58
2020-09-17,South West,1,32
2020-09-18,East of England,1,53
2020-09-18,London,8,122
2020-09-18,Midlands,6,510
2020-09-18,North East and Yorkshire,6,703
2020-09-18,North West,10,944
2020-09-18,South East,0,48
2020-09-18,South West,3,42
2020-09-19,East of England,1,49
2020-09-19,London,3,85
2020-09-19,Midlands,4,292
2020-09-19,North East and Yorkshire,4,468
2020-09-19,North West,6,567
2020-09-19,South East,5,37
2020-09-19,South West,2,56
2020-09-20,East of England,1,24
2020-09-20,London,6,151
2020-09-20,Midlands,1,328
2020-09-20,North East and Yorkshire,5,486
2020-09-20,North West,3,390
2020-09-20,South East,1,34
2020-09-20,South West,2,39
2020-09-21,East of England,5,78
2020-09-21,London,5,202
2020-09-21,Midlands,19,602
2020-09-21,North East and Yorkshire,10,831
2020-09-21,North West,6,652
2020-09-21,South East,5,108
2020-09-21,South West,2,84
2020-09-22,East of England,2,126
2020-09-22,London,16,283
2020-09-22,Midlands,7,483
2020-09-22,North East and Yorkshire,5,811
2020-09-22,North West,12,1194
2020-09-22,South East,4,106
2020-09-22,South West,1,57
2020-09-23,East of England,6,116
2020-09-23,London,30,400
2020-09-23,Midlands,7,659
2020-09-23,North East and Yorkshire,7,866
2020-09-23,North West,9,1467
2020-09-23,South East,6,119
2020-09-23,South West,7,83
2020-09-24,East of England,14,140
2020-09-24,London,11,366
2020-09-24,Midlands,15,552
2020-09-24,North East and Yorkshire,7,1132
2020-09-24,North West,14,1655
2020-09-24,South East,6,134
2020-09-24,South West,2,115
2020-09-25,East of England,14,121
2020-09-25,London,26,363
2020-09-25,Midlands,7,609
2020-09-25,North East and Yorkshire,13,918
2020-09-25,North West,21,1558
2020-09-25,South East,12,171
2020-09-25,South West,7,91
2020-09-26,East of England,0,27
2020-09-26,London,11,213
2020-09-26,Midlands,2,276
2020-09-26,North East and Yorkshire,5,708
2020-09-26,North West,9,767
2020-09-26,South East,4,39
2020-09-26,South West,2,22
2020-09-27,East of England,9,66
2020-09-27,London,14,185
2020-09-27,Midlands,1,196
2020-09-27,North East and Yorkshire,5,619
2020-09-27,North West,4,329
2020-09-27,South East,6,99
2020-09-27,South West,3,52
2020-09-28,East of England,16,183
2020-09-28,London,22,457
2020-09-28,Midlands,9,904
2020-09-28,North East and Yorkshire,23,1906
2020-09-28,North West,40,2229
2020-09-28,South East,10,199
2020-09-28,South West,35,143
2020-09-29,East of England,5,180
2020-09-29,London,19,447
2020-09-29,Midlands,8,650
2020-09-29,North East and Yorkshire,23,1869
2020-09-29,North West,34,2380
2020-09-29,South East,7,169
2020-09-29,South West,10,107
2020-09-30,East of England,15,239
2020-09-30,London,43,672
2020-09-30,Midlands,10,884
2020-09-30,North East and Yorkshire,26,2088
2020-09-30,North West,45,2739
2020-09-30,South East,22,253
2020-09-30,South West,7,275
2020-10-01,East of England,12,202
2020-10-01,London,40,749
2020-10-01,Midlands,14,937
2020-10-01,North East and Yorkshire,52,2573
2020-10-01,North West,63,2818
2020-10-01,South East,18,264
2020-10-01,South West,10,250
2020-10-02,East of England,14,163
2020-10-02,London,25,536
2020-10-02,Midlands,12,1010
2020-10-02,North East and Yorkshire,32,2737
2020-10-02,North West,65,2698
2020-10-02,South East,16,316
2020-10-02,South West,12,240
2020-10-03,East of England,3,94
2020-10-03,London,8,243
2020-10-03,Midlands,8,545
2020-10-03,North East and Yorkshire,43,2180
2020-10-03,North West,42,1910
2020-10-03,South East,7,133
2020-10-03,South West,6,135
2020-10-04,East of England,6,118
2020-10-04,London,21,431
2020-10-04,Midlands,8,671
2020-10-04,North East and Yorkshire,42,2478
2020-10-04,North West,42,2346
2020-10-04,South East,13,204
2020-10-04,South West,11,163
2020-10-05,East of England,5,189
2020-10-05,London,34,507
2020-10-05,Midlands,24,1378
2020-10-05,North East and Yorkshire,61,2718
2020-10-05,North West,74,3240
2020-10-05,South East,16,239
2020-10-05,South West,8,223
2020-10-06,East of England,29,345
2020-10-06,London,41,832
2020-10-06,Midlands,16,1342
2020-10-06,North East and Yorkshire,60,3138
2020-10-06,North West,60,3353
2020-10-06,South East,14,469
2020-10-06,South West,17,447
2020-10-07,East of England,31,343
2020-10-07,London,50,742
2020-10-07,Midlands,17,1507
2020-10-07,North East and Yorkshire,61,3312
2020-10-07,North West,72,3327
2020-10-07,South East,22,523
2020-10-07,South West,27,554
2020-10-08,East of England,25,341
2020-10-08,London,45,899
2020-10-08,Midlands,24,1297
2020-10-08,North East and Yorkshire,58,2825
2020-10-08,North West,50,2775
2020-10-08,South East,26,565
2020-10-08,South West,12,522
2020-10-09,East of England,8,149
2020-10-09,London,30,339
2020-10-09,Midlands,13,824
2020-10-09,North East and Yorkshire,42,1809
2020-10-09,North West,40,1764
2020-10-09,South East,8,136
2020-10-09,South West,11,212
2020-10-10,East of England,0,37
2020-10-10,London,4,63
2020-10-10,Midlands,6,394
2020-10-10,North East and Yorkshire,38,1515
2020-10-10,North West,22,1590
2020-10-10,South East,3,45
2020-10-10,South West,1,64
2020-10-11,East of England,2,61
2020-10-11,London,15,269
2020-10-11,Midlands,10,406
2020-10-11,North East and Yorkshire,25,1566
2020-10-11,North West,29,2288
2020-10-11,South East,3,119
2020-10-11,South West,6,142
2020-10-12,East of England,10,214
2020-10-12,London,28,609
2020-10-12,Midlands,27,1629
2020-10-12,North East and Yorkshire,54,2880
2020-10-12,North West,52,3595
2020-10-12,South East,13,249
2020-10-12,South West,14,436
2020-10-13,East of England,18,440
2020-10-13,London,72,982
2020-10-13,Midlands,21,1565
2020-10-13,North East and Yorkshire,67,3018
2020-10-13,North West,53,3213
2020-10-13,South East,19,524
2020-10-13,South West,12,194
2020-10-14,East of England,19,277
2020-10-14,London,56,937
2020-10-14,Midlands,11,853
2020-10-14,North East and Yorkshire,80,2950
2020-10-14,North West,38,3031
2020-10-14,South East,20,407
2020-10-14,South West,9,97
2020-10-15,East of England,26,529
2020-10-15,London,73,1255
2020-10-15,Midlands,22,1583
2020-10-15,North East and Yorkshire,59,2904
2020-10-15,North West,37,3158
2020-10-15,South East,42,477
2020-10-15,South West,3,104
2020-10-16,East of England,18,375
2020-10-16,London,57,1084
2020-10-16,Midlands,8,773
2020-10-16,North East and Yorkshire,35,1263
2020-10-16,North West,42,2739
2020-10-16,South East,27,437
2020-10-16,South West,6,86
2020-10-17,East of England,5,31
2020-10-17,London,3,62
2020-10-17,Midlands,14,628
2020-10-17,North East and Yorkshire,28,1346
2020-10-17,North West,39,2822
2020-10-17,South East,2,30
2020-10-17,South West,1,27
2020-10-18,East of England,1,39
2020-10-18,London,2,83
2020-10-18,Midlands,14,621
2020-10-18,North East and Yorkshire,22,1297
2020-10-18,North West,41,2622
2020-10-18,South East,1,48
2020-10-18,South West,0,24
2020-10-19,East of England,22,698
2020-10-19,London,93,1670
2020-10-19,Midlands,45,2402
2020-10-19,North East and Yorkshire,97,4165
2020-10-19,North West,71,4840
2020-10-19,South East,42,743
2020-10-19,South West,11,150
2020-10-20,East of England,22,556
2020-10-20,London,84,1647
2020-10-20,Midlands,35,2205
2020-10-20,North East and Yorkshire,92,3879
2020-10-20,North West,43,4222
2020-10-20,South East,65,842
2020-10-20,South West,7,128
2020-10-21,East of England,19,507
2020-10-21,London,102,1742
2020-10-21,Midlands,39,2266
2020-10-21,North East and Yorkshire,69,3865
2020-10-21,North West,56,4200
2020-10-21,South East,85,847
2020-10-21,South West,15,195
2020-10-22,East of England,15,501
2020-10-22,London,88,1677
2020-10-22,Midlands,27,2191
2020-10-22,North East and Yorkshire,66,3497
2020-10-22,North West,47,3670
2020-10-22,South East,62,806
2020-10-22,South West,18,402
2020-10-23,East of England,19,450
2020-10-23,London,73,1402
2020-10-23,Midlands,27,1705
2020-10-23,North East and Yorkshire,59,2580
2020-10-23,North West,51,3285
2020-10-23,South East,61,738
2020-10-23,South West,6,187
2020-10-24,East of England,8,194
2020-10-24,London,34,580
2020-10-24,Midlands,27,1487
2020-10-24,North East and Yorkshire,47,2491
2020-10-24,North West,40,2659
2020-10-24,South East,22,332
2020-10-24,South West,11,262
2020-10-25,East of England,4,43
2020-10-25,London,10,108
2020-10-25,Midlands,23,1495
2020-10-25,North East and Yorkshire,43,2442
2020-10-25,North West,20,2618
2020-10-25,South East,3,49
2020-10-25,South West,3,50
2020-10-26,East of England,40,605
2020-10-26,London,126,1853
2020-10-26,Midlands,37,2483
2020-10-26,North East and Yorkshire,93,4083
2020-10-26,North West,60,4320
2020-10-26,South East,113,948
2020-10-26,South West,21,286
2020-10-27,East of England,18,480
2020-10-27,London,111,1450
2020-10-27,Midlands,49,2901
2020-10-27,North East and Yorkshire,73,3859
2020-10-27,North West,37,3835
2020-10-27,South East,116,835
2020-10-27,South West,38,446
2020-10-28,East of England,19,529
2020-10-28,London,91,1414
2020-10-28,Midlands,44,2492
2020-10-28,North East and Yorkshire,84,3573
2020-10-28,North West,40,3052
2020-10-28,South East,122,783
2020-10-28,South West,16,201
2020-10-29,East of England,15,373
2020-10-29,London,53,841
2020-10-29,Midlands,53,1948
2020-10-29,North East and Yorkshire,62,3433
2020-10-29,North West,37,3454
2020-10-29,South East,53,410
2020-10-29,South West,14,151
2020-10-30,East of England,21,487
2020-10-30,London,65,1213
2020-10-30,Midlands,39,2376
2020-10-30,North East and Yorkshire,79,3614
2020-10-30,North West,35,3300
2020-10-30,South East,95,764
2020-10-30,South West,9,190
2020-10-31,East of England,20,374
2020-10-31,London,82,1047
2020-10-31,Midlands,25,1897
2020-10-31,North East and Yorkshire,78,2826
2020-10-31,North West,43,2523
2020-10-31,South East,77,619
2020-10-31,South West,3,86
2020-11-01,East of England,11,276
2020-11-01,London,55,629
2020-11-01,Midlands,14,591
2020-11-01,North East and Yorkshire,72,3101
2020-11-01,North West,32,2370
2020-11-01,South East,84,424
2020-11-01,South West,13,249
2020-11-02,East of England,44,730
2020-11-02,London,144,1906
2020-11-02,Midlands,81,3588
2020-11-02,North East and Yorkshire,90,4790
2020-11-02,North West,50,4418
2020-11-02,South East,197,1259
2020-11-02,South West,26,451
2020-11-03,East of England,28,527
2020-11-03,London,110,1293
2020-11-03,Midlands,61,2781
2020-11-03,North East and Yorkshire,87,4135
2020-11-03,North West,32,3183
2020-11-03,South East,121,826
2020-11-03,South West,5,214
2020-11-04,East of England,31,472
2020-11-04,London,115,1222
2020-11-04,Midlands,49,2123
2020-11-04,North East and Yorkshire,66,3791
2020-11-04,North West,35,2877
2020-11-04,South East,147,806
2020-11-04,South West,12,191
2020-11-05,East of England,40,430
2020-11-05,London,110,1035
2020-11-05,Midlands,59,2430
2020-11-05,North East and Yorkshire,96,3887
2020-11-05,North West,34,2917
2020-11-05,South East,126,628
2020-11-05,South West,13,233
2020-11-06,East of England,36,465
2020-11-06,London,133,1262
2020-11-06,Midlands,51,2547
2020-11-06,North East and Yorkshire,83,3859
2020-11-06,North West,21,2199
2020-11-06,South East,146,790
2020-11-06,South West,14,182
2020-11-07,East of England,25,300
2020-11-07,London,73,602
2020-11-07,Midlands,38,1947
2020-11-07,North East and Yorkshire,68,3415
2020-11-07,North West,24,2099
2020-11-07,South East,119,562
2020-11-07,South West,8,87
2020-11-08,East of England,65,453
2020-11-08,London,125,1020
2020-11-08,Midlands,62,2172
2020-11-08,North East and Yorkshire,93,3366
2020-11-08,North West,29,2297
2020-11-08,South East,239,1138
2020-11-08,South West,56,760
2020-11-09,East of England,61,517
2020-11-09,London,207,1556
2020-11-09,Midlands,68,2817
2020-11-09,North East and Yorkshire,126,5038
2020-11-09,North West,36,3283
2020-11-09,South East,270,940
2020-11-09,South West,15,250
2020-11-10,East of England,55,323
2020-11-10,London,165,1054
2020-11-10,Midlands,82,2541
2020-11-10,North East and Yorkshire,95,4112
2020-11-10,North West,23,2646
2020-11-10,South East,244,1053
2020-11-10,South West,61,827
2020-11-11,East of England,90,577
2020-11-11,London,223,1535
2020-11-11,Midlands,93,2841
2020-11-11,North East and Yorkshire,100,4229
2020-11-11,North West,32,2636
2020-11-11,South East,350,944
2020-11-11,South West,18,380
2020-11-12,East of England,71,454
2020-11-12,London,220,1262
2020-11-12,Midlands,48,2491
2020-11-12,North East and Yorkshire,73,3729
2020-11-12,North West,28,2321
2020-11-12,South East,337,923
2020-11-12,South West,31,579
2020-11-13,East of England,80,442
2020-11-13,London,218,1091
2020-11-13,Midlands,46,2240
2020-11-13,North East and Yorkshire,97,3550
2020-11-13,North West,28,2176
2020-11-13,South East,294,1022
2020-11-13,South West,48,686
2020-11-14,East of England,43,403
2020-11-14,London,186,950
2020-11-14,Midlands,54,2120
2020-11-14,North East and Yorkshire,73,2854
2020-11-14,North West,31,1742
2020-11-14,South East,248,806
2020-11-14,South West,33,576
2020-11-15,East of England,42,258
2020-11-15,London,120,681
2020-11-15,Midlands,35,1709
2020-11-15,North East and Yorkshire,48,2380
2020-11-15,North West,21,1534
2020-11-15,South East,183,634
2020-11-15,South West,23,404
2020-11-16,East of England,85,486
2020-11-16,London,253,1187
2020-11-16,Midlands,71,2999
2020-11-16,North East and Yorkshire,80,3530
2020-11-16,North West,28,2247
2020-11-16,South East,368,1027
2020-11-16,South West,40,638
2020-11-17,East of England,114,543
2020-11-17,London,251,1021
2020-11-17,Midlands,82,3122
2020-11-17,North East and Yorkshire,121,3189
2020-11-17,North West,23,1954
2020-11-17,South East,319,806
2020-11-17,South West,33,465
2020-11-18,East of England,109,452
2020-11-18,London,247,948
2020-11-18,Midlands,94,2941
2020-11-18,North East and Yorkshire,91,2789
2020-11-18,North West,24,1776
2020-11-18,South East,329,725
2020-11-18,South West,22,321
2020-11-19,East of England,104,359
2020-11-19,London,233,896
2020-11-19,Midlands,52,2526
2020-11-19,North East and Yorkshire,71,2244
2020-11-19,North West,23,1423
2020-11-19,South East,288,592
2020-11-19,South West,17,325
2020-11-20,East of England,72,304
2020-11-20,London,221,798
2020-11-20,Midlands,70,2332
2020-11-20,North East and Yorkshire,67,1945
2020-11-20,North West,17,1354
2020-11-20,South East,305,558
2020-11-20,South West,29,262
2020-11-21,East of England,68,263
2020-11-21,London,182,575
2020-11-21,Midlands,59,1716
2020-11-21,North East and Yorkshire,40,1454
2020-11-21,North West,17,984
2020-11-21,South East,295,483
2020-11-21,South West,19,197
2020-11-22,East of England,98,295
2020-11-22,London,201,564
2020-11-22,Midlands,62,1605
2020-11-22,North East and Yorkshire,42,1307
2020-11-22,North West,16,987
2020-11-22,South East,251,455
2020-11-22,South West,13,142
2020-11-23,East of England,144,315
2020-11-23,London,335,851
2020-11-23,Midlands,87,2383
2020-11-23,North East and Yorkshire,68,1913
2020-11-23,North West,29,1444
2020-11-23,South East,471,536
2020-11-23,South West,31,280
2020-11-24,East of England,111,278
2020-11-24,London,320,767
2020-11-24,Midlands,70,2016
2020-11-24,North East and Yorkshire,56,1544
2020-11-24,North West,24,1196
2020-11-24,South East,319,401
2020-11-24,South West,16,183
2020-11-25,East of England,130,324
2020-11-25,London,402,722
2020-11-25,Midlands,88,2025
2020-11-25,North East and Yorkshire,60,1584
2020-11-25,North West,37,1187
2020-11-25,South East,420,414
2020-11-25,South West,23,185
2020-11-26,East of England,156,324
2020-11-26,London,385,608
2020-11-26,Midlands,88,1746
2020-11-26,North East and Yorkshire,47,1370
2020-11-26,North West,17,991
2020-11-26,South East,384,391
2020-11-26,South West,28,202
2020-11-27,East of England,146,317
2020-11-27,London,461,656
2020-11-27,Midlands,54,1570
2020-11-27,North East and Yorkshire,72,1223
2020-11-27,North West,26,917
2020-11-27,South East,515,443
2020-11-27,South West,15,198
2020-11-28,East of England,81,178
2020-11-28,London,342,530
2020-11-28,Midlands,77,1249
2020-11-28,North East and Yorkshire,47,973
2020-11-28,North West,17,777
2020-11-28,South East,385,323
2020-11-28,South West,23,117
2020-11-29,East of England,116,173
2020-11-29,London,351,528
2020-11-29,Midlands,62,1189
2020-11-29,North East and Yorkshire,34,973
2020-11-29,North West,22,658
2020-11-29,South East,432,262
2020-11-29,South West,18,129
2020-11-30,East of England,269,389
2020-11-30,London,621,806
2020-11-30,Midlands,121,1832
2020-11-30,North East and Yorkshire,74,1525
2020-11-30,North West,24,1182
2020-11-30,South East,650,404
2020-11-30,South West,28,181
2020-12-01,East of England,249,375
2020-12-01,London,648,680
2020-12-01,Midlands,136,1609
2020-12-01,North East and Yorkshire,70,1275
2020-12-01,North West,28,1000
2020-12-01,South East,567,451
2020-12-01,South West,25,155
2020-12-02,East of England,280,335
2020-12-02,London,702,732
2020-12-02,Midlands,152,1521
2020-12-02,North East and Yorkshire,86,1208
2020-12-02,North West,37,888
2020-12-02,South East,658,442
2020-12-02,South West,18,129
2020-12-03,East of England,266,324
2020-12-03,London,625,604
2020-12-03,Midlands,129,1476
2020-12-03,North East and Yorkshire,72,1036
2020-12-03,North West,31,829
2020-12-03,South East,658,385
2020-12-03,South West,25,150
2020-12-04,East of England,253,252
2020-12-04,London,536,448
2020-12-04,Midlands,135,1425
2020-12-04,North East and Yorkshire,81,815
2020-12-04,North West,40,809
2020-12-04,South East,625,405
2020-12-04,South West,31,172
2020-12-05,East of England,353,281
2020-12-05,London,790,617
2020-12-05,Midlands,136,1248
2020-12-05,North East and Yorkshire,51,701
2020-12-05,North West,43,650
2020-12-05,South East,791,357
2020-12-05,South West,29,114
2020-12-06,East of England,446,322
2020-12-06,London,906,710
2020-12-06,Midlands,160,1314
2020-12-06,North East and Yorkshire,80,711
2020-12-06,North West,36,735
2020-12-06,South East,861,382
2020-12-06,South West,32,116
2020-12-07,East of England,666,351
2020-12-07,London,1313,871
2020-12-07,Midlands,251,1814
2020-12-07,North East and Yorkshire,125,1175
2020-12-07,North West,77,1037
2020-12-07,South East,1340,563
2020-12-07,South West,69,201
2020-12-08,East of England,655,318
2020-12-08,London,1119,632
2020-12-08,Midlands,235,1561
2020-12-08,North East and Yorkshire,108,1018
2020-12-08,North West,74,872
2020-12-08,South East,1202,466
2020-12-08,South West,65,156
2020-12-09,East of England,701,327
2020-12-09,London,1451,727
2020-12-09,Midlands,305,1685
2020-12-09,North East and Yorkshire,117,1052
2020-12-09,North West,75,934
2020-12-09,South East,1144,439
2020-12-09,South West,76,189
2020-12-10,East of England,437,204
2020-12-10,London,997,533
2020-12-10,Midlands,327,1581
2020-12-10,North East and Yorkshire,136,940
2020-12-10,North West,117,939
2020-12-10,South East,939,399
2020-12-10,South West,76,180
2020-12-11,East of England,809,361
2020-12-11,London,2101,869
2020-12-11,Midlands,354,1620
2020-12-11,North East and Yorkshire,162,952
2020-12-11,North West,125,850
2020-12-11,South East,1477,509
2020-12-11,South West,69,170
2020-12-12,East of England,940,387
2020-12-12,London,2385,955
2020-12-12,Midlands,348,1273
2020-12-12,North East and Yorkshire,145,804
2020-12-12,North West,109,744
2020-12-12,South East,1639,453
2020-12-12,South West,54,140
2020-12-13,East of England,1223,391
2020-12-13,London,3114,1029
2020-12-13,Midlands,410,1215
2020-12-13,North East and Yorkshire,177,835
2020-12-13,North West,120,779
2020-12-13,South East,1997,562
2020-12-13,South West,70,162
2020-12-14,East of England,1501,543
2020-12-14,London,4039,1220
2020-12-14,Midlands,698,2028
2020-12-14,North East and Yorkshire,293,1243
2020-12-14,North West,243,1230
2020-12-14,South East,2540,667
2020-12-14,South West,126,212
2020-12-15,East of England,1436,357
2020-12-15,London,4292,1171
2020-12-15,Midlands,672,1771
2020-12-15,North East and Yorkshire,309,1135
2020-12-15,North West,273,1019
2020-12-15,South East,2226,583
2020-12-15,South West,142,196
2020-12-16,East of England,1013,246
2020-12-16,London,4316,1128
2020-12-16,Midlands,473,974
2020-12-16,North East and Yorkshire,309,1017
2020-12-16,North West,287,1058
2020-12-16,South East,2115,558
2020-12-16,South West,167,215
2020-12-17,East of England,1111,214
2020-12-17,London,4089,941
2020-12-17,Midlands,276,519
2020-12-17,North East and Yorkshire,302,808
2020-12-17,North West,276,881
2020-12-17,South East,1790,378
2020-12-17,South West,123,179
2020-12-18,East of England,937,189
2020-12-18,London,2326,529
2020-12-18,Midlands,251,493
2020-12-18,North East and Yorkshire,195,383
2020-12-18,North West,312,978
2020-12-18,South East,1558,489
2020-12-18,South West,139,193
2020-12-19,East of England,1075,222
2020-12-19,London,2174,481
2020-12-19,Midlands,440,661
2020-12-19,North East and Yorkshire,170,450
2020-12-19,North West,148,408
2020-12-19,South East,1243,222
2020-12-19,South West,94,115
2020-12-20,East of England,1613,307
2020-12-20,London,2376,418
2020-12-20,Midlands,347,520
2020-12-20,North East and Yorkshire,484,905
2020-12-20,North West,343,814
2020-12-20,South East,2242,527
2020-12-20,South West,236,185
2020-12-21,East of England,1621,254
2020-12-21,London,2301,402
2020-12-21,Midlands,1023,1222
2020-12-21,North East and Yorkshire,649,1361
2020-12-21,North West,595,1027
2020-12-21,South East,1614,331
2020-12-21,South West,240,250
2020-12-22,East of England,1880,373
2020-12-22,London,2025,336
2020-12-22,Midlands,1183,1189
2020-12-22,North East and Yorkshire,769,1482
2020-12-22,North West,521,1009
2020-12-22,South East,1363,218
2020-12-22,South West,71,85
2020-12-23,East of England,1254,176
2020-12-23,London,1673,269
2020-12-23,Midlands,1063,961
2020-12-23,North East and Yorkshire,758,1100
2020-12-23,North West,489,825
2020-12-23,South East,1742,376
2020-12-23,South West,482,431
2020-12-24,East of England,1809,241
2020-12-24,London,4181,599
2020-12-24,Midlands,1051,843
2020-12-24,North East and Yorkshire,597,833
2020-12-24,North West,616,928
2020-12-24,South East,2918,467
2020-12-24,South West,371,266
2020-12-25,East of England,1216,212
2020-12-25,London,2797,402
2020-12-25,Midlands,612,548
2020-12-25,North East and Yorkshire,282,400
2020-12-25,North West,265,266
2020-12-25,South East,1172,182
2020-12-25,South West,6,3
2020-12-26,East of England,2513,325
2020-12-26,London,5005,553
2020-12-26,Midlands,1489,925
2020-12-26,North East and Yorkshire,865,962
2020-12-26,North West,571,683
2020-12-26,South East,3167,414
2020-12-26,South West,39,38
2020-12-27,East of England,2122,296
2020-12-27,London,4919,581
2020-12-27,Midlands,1668,1068
2020-12-27,North East and Yorkshire,1148,1146
2020-12-27,North West,861,958
2020-12-27,South East,2959,407
2020-12-27,South West,351,219
2020-12-28,East of England,988,135
2020-12-28,London,1644,178
2020-12-28,Midlands,1555,792
2020-12-28,North East and Yorkshire,1165,1185
2020-12-28,North West,913,872
2020-12-28,South East,1628,230
2020-12-28,South West,285,138
2020-12-29,East of England,2812,354
2020-12-29,London,3501,392
2020-12-29,Midlands,2995,1459
2020-12-29,North East and Yorkshire,2231,1748
2020-12-29,North West,2136,1804
2020-12-29,South East,3636,494
2020-12-29,South West,544,257
2020-12-30,East of England,1792,170
2020-12-30,London,5132,543
2020-12-30,Midlands,2890,1304
2020-12-30,North East and Yorkshire,2153,1829
2020-12-30,North West,2679,2133
2020-12-30,South East,3578,319
2020-12-30,South West,558,266
2020-12-31,East of England,1325,126
2020-12-31,London,5308,445
2020-12-31,Midlands,2690,998
2020-12-31,North East and Yorkshire,1548,1193
2020-12-31,North West,1617,1073
2020-12-31,South East,2556,198
2020-12-31,South West,503,262
2021-01-01,East of England,2190,247
2021-01-01,London,2961,255
2021-01-01,Midlands,1944,817
2021-01-01,North East and Yorkshire,1064,740
2021-01-01,North West,1126,775
2021-01-01,South East,1971,173
2021-01-01,South West,379,124
2021-01-02,East of England,2412,242
2021-01-02,London,6652,523
2021-01-02,Midlands,3503,1240
2021-01-02,North East and Yorkshire,2080,1412
2021-01-02,North West,2168,1386
2021-01-02,South East,4002,327
2021-01-02,South West,635,279
2021-01-03,East of England,1396,116
2021-01-03,London,3082,230
2021-01-03,Midlands,2605,814
2021-01-03,North East and Yorkshire,1963,1175
2021-01-03,North West,2394,1524
2021-01-03,South East,2033,166
2021-01-03,South West,530,188
2021-01-04,East of England,1662,175
2021-01-04,London,3928,216
2021-01-04,Midlands,3915,1087
2021-01-04,North East and Yorkshire,2900,1471
2021-01-04,North West,3122,1744
2021-01-04,South East,2701,218
2021-01-04,South West,837,275
2021-01-05,East of England,1704,154
2021-01-05,London,4016,239
2021-01-05,Midlands,3321,897
2021-01-05,North East and Yorkshire,2118,1076
2021-01-05,North West,3220,1571
2021-01-05,South East,3339,280
2021-01-05,South West,788,251
2021-01-06,East of England,1373,127
2021-01-06,London,3727,231
2021-01-06,Midlands,4085,963
2021-01-06,North East and Yorkshire,2004,931
2021-01-06,North West,2856,1418
2021-01-06,South East,2336,177
2021-01-06,South West,372,91
2021-01-07,East of England,1710,160
2021-01-07,London,2978,169
2021-01-07,Midlands,3618,925
2021-01-07,North East and Yorkshire,1953,875
2021-01-07,North West,2986,1461
2021-01-07,South East,2395,182
2021-01-07,South West,503,170
2021-01-08,East of England,1643,121
2021-01-08,London,3014,177
2021-01-08,Midlands,3483,771
2021-01-08,North East and Yorkshire,1508,693
2021-01-08,North West,2864,1193
2021-01-08,South East,2661,200
2021-01-08,South West,429,108
2021-01-09,East of England,1423,119
2021-01-09,London,2226,113
2021-01-09,Midlands,3061,638
2021-01-09,North East and Yorkshire,1451,647
2021-01-09,North West,2692,1020
2021-01-09,South East,1863,138
2021-01-09,South West,374,83
2021-01-10,East of England,1321,83
2021-01-10,London,2108,122
2021-01-10,Midlands,2964,653
2021-01-10,North East and Yorkshire,1460,527
2021-01-10,North West,2902,1007
2021-01-10,South East,1597,150
2021-01-10,South West,245,43
2021-01-11,East of England,1799,128
2021-01-11,London,2323,108
2021-01-11,Midlands,4798,962
2021-01-11,North East and Yorkshire,2477,831
2021-01-11,North West,3988,1365
2021-01-11,South East,2339,191
2021-01-11,South West,672,139
2021-01-12,East of England,1588,110
2021-01-12,London,2239,111
2021-01-12,Midlands,3824,711
2021-01-12,North East and Yorkshire,2022,642
2021-01-12,North West,3346,1062
2021-01-12,South East,1974,131
2021-01-12,South West,552,94
2021-01-13,East of England,1298,75
2021-01-13,London,1834,90
2021-01-13,Midlands,2727,484
2021-01-13,North East and Yorkshire,1730,556
2021-01-13,North West,2914,820
2021-01-13,South East,2055,132
2021-01-13,South West,511,78
2021-01-14,East of England,1262,66
2021-01-14,London,1540,75
2021-01-14,Midlands,2758,438
2021-01-14,North East and Yorkshire,1364,376
2021-01-14,North West,2821,777
2021-01-14,South East,2218,114
2021-01-14,South West,537,77
2021-01-15,East of England,1367,75
2021-01-15,London,2427,116
2021-01-15,Midlands,2812,438
2021-01-15,North East and Yorkshire,1783,503
2021-01-15,North West,2584,635
2021-01-15,South East,2300,108
2021-01-15,South West,533,75
2021-01-16,East of England,1094,45
2021-01-16,London,2110,91
2021-01-16,Midlands,1535,226
2021-01-16,North East and Yorkshire,1460,353
2021-01-16,North West,2392,494
2021-01-16,South East,1724,122
2021-01-16,South West,240,26
2021-01-17,East of England,958,43
2021-01-17,London,1578,90
2021-01-17,Midlands,1376,193
2021-01-17,North East and Yorkshire,1349,353
2021-01-17,North West,2290,485
2021-01-17,South East,1534,79
2021-01-17,South West,213,30
2021-01-18,East of England,1352,54
2021-01-18,London,2125,59
2021-01-18,Midlands,2548,343
2021-01-18,North East and Yorkshire,2264,544
2021-01-18,North West,3255,567
2021-01-18,South East,2271,134
2021-01-18,South West,550,74
2021-01-19,East of England,982,39
2021-01-19,London,1658,49
2021-01-19,Midlands,2426,305
2021-01-19,North East and Yorkshire,1902,463
2021-01-19,North West,2998,537
2021-01-19,South East,1853,116
2021-01-19,South West,456,57
2021-01-20,East of England,977,48
2021-01-20,London,1322,43
2021-01-20,Midlands,2037,274
2021-01-20,North East and Yorkshire,1898,395
2021-01-20,North West,2612,419
2021-01-20,South East,1411,64
2021-01-20,South West,402,34
2021-01-21,East of England,961,34
2021-01-21,London,1310,34
2021-01-21,Midlands,2025,243
2021-01-21,North East and Yorkshire,1799,317
2021-01-21,North West,2228,385
2021-01-21,South East,1437,64
2021-01-21,South West,396,42
2021-01-22,East of England,884,29
2021-01-22,London,1396,40
2021-01-22,Midlands,1841,203
2021-01-22,North East and Yorkshire,1535,310
2021-01-22,North West,2279,336
2021-01-22,South East,1412,77
2021-01-22,South West,328,21
2021-01-23,East of England,718,27
2021-01-23,London,1246,38
2021-01-23,Midlands,1289,140
2021-01-23,North East and Yorkshire,1454,224
2021-01-23,North West,1744,252
2021-01-23,South East,1175,49
2021-01-23,South West,197,19
2021-01-24,East of England,616,24
2021-01-24,London,1215,31
2021-01-24,Midlands,848,78
2021-01-24,North East and Yorkshire,1396,233
2021-01-24,North West,1748,222
2021-01-24,South East,869,31
2021-01-24,South West,128,21
2021-01-25,East of England,843,29
2021-01-25,London,1004,27
2021-01-25,Midlands,1774,143
2021-01-25,North East and Yorkshire,2141,301
2021-01-25,North West,2550,305
2021-01-25,South East,1399,70
2021-01-25,South West,388,42
2021-01-26,East of England,785,23
2021-01-26,London,909,18
2021-01-26,Midlands,1917,156
2021-01-26,North East and Yorkshire,1906,257
2021-01-26,North West,2125,255
2021-01-26,South East,1165,56
2021-01-26,South West,306,22
2021-01-27,East of England,715,34
2021-01-27,London,1000,25
2021-01-27,Midlands,1604,119
2021-01-27,North East and Yorkshire,1864,255
2021-01-27,North West,2048,244
2021-01-27,South East,1071,44
2021-01-27,South West,299,17
2021-01-28,East of England,677,20
2021-01-28,London,1048,32
2021-01-28,Midlands,1556,122
2021-01-28,North East and Yorkshire,1723,206
2021-01-28,North West,1901,200
2021-01-28,South East,1035,46
2021-01-28,South West,245,15
2021-01-29,East of England,578,22
2021-01-29,London,930,26
2021-01-29,Midlands,1580,90
2021-01-29,North East and Yorkshire,1637,174
2021-01-29,North West,1824,154
2021-01-29,South East,940,26
2021-01-29,South West,287,12
2021-01-30,East of England,575,18
2021-01-30,London,1005,21
2021-01-30,Midlands,1103,74
2021-01-30,North East and Yorkshire,1433,119
2021-01-30,North West,1469,133
2021-01-30,South East,766,22
2021-01-30,South West,199,10
2021-01-31,East of England,485,13
2021-01-31,London,822,23
2021-01-31,Midlands,996,40
2021-01-31,North East and Yorkshire,1427,89
2021-01-31,North West,1476,103
2021-01-31,South East,633,29
2021-01-31,South West,129,6
2021-02-01,East of England,621,18
2021-02-01,London,1107,30
2021-02-01,Midlands,1638,86
2021-02-01,North East and Yorkshire,1962,170
2021-02-01,North West,1911,153
2021-02-01,South East,950,22
2021-02-01,South West,284,17
2021-02-02,East of England,606,19
2021-02-02,London,1057,13
2021-02-02,Midlands,1362,71
2021-02-02,North East and Yorkshire,1290,91
2021-02-02,North West,1728,140
2021-02-02,South East,867,31
2021-02-02,South West,227,21
2021-02-03,East of England,332,5
2021-02-03,London,387,12
2021-02-03,Midlands,1029,53
2021-02-03,North East and Yorkshire,1838,140
2021-02-03,North West,1682,100
2021-02-03,South East,584,23
2021-02-03,South West,184,10
2021-02-04,East of England,318,8
2021-02-04,London,627,14
2021-02-04,Midlands,1073,45
2021-02-04,North East and Yorkshire,1739,122
2021-02-04,North West,1697,89
2021-02-04,South East,566,15
2021-02-04,South West,205,8
2021-02-05,East of England,351,10
2021-02-05,London,402,18
2021-02-05,Midlands,769,32
2021-02-05,North East and Yorkshire,1497,101
2021-02-05,North West,1368,62
2021-02-05,South East,433,19
2021-02-05,South West,197,9
2021-02-06,East of England,200,2
2021-02-06,London,315,4
2021-02-06,Midlands,504,20
2021-02-06,North East and Yorkshire,1329,62
2021-02-06,North West,1205,56
2021-02-06,South East,300,15
2021-02-06,South West,149,7
2021-02-07,East of England,289,5
2021-02-07,London,481,12
2021-02-07,Midlands,475,29
2021-02-07,North East and Yorkshire,1264,78
2021-02-07,North West,1182,54
2021-02-07,South East,390,9
2021-02-07,South West,185,2
2021-02-08,East of England,286,0
2021-02-08,London,405,14
2021-02-08,Midlands,754,26
2021-02-08,North East and Yorkshire,1578,88
2021-02-08,North West,1540,68
2021-02-08,South East,513,12
2021-02-08,South West,281,11
2021-02-09,East of England,278,2
2021-02-09,London,370,8
2021-02-09,Midlands,681,16
2021-02-09,North East and Yorkshire,1529,49
2021-02-09,North West,1345,52
2021-02-09,South East,425,5
2021-02-09,South West,243,10
2021-02-10,East of England,262,3
2021-02-10,London,268,4
2021-02-10,Midlands,574,17
2021-02-10,North East and Yorkshire,1351,67
2021-02-10,North West,1187,41
2021-02-10,South East,419,10
2021-02-10,South West,218,10
2021-02-11,East of England,294,8
2021-02-11,London,280,6
2021-02-11,Midlands,686,19
2021-02-11,North East and Yorkshire,1378,64
2021-02-11,North West,1244,44
2021-02-11,South East,388,9
2021-02-11,South West,199,5
2021-02-12,East of England,262,7
2021-02-12,London,254,5
2021-02-12,Midlands,685,16
2021-02-12,North East and Yorkshire,1292,45
2021-02-12,North West,1131,31
2021-02-12,South East,361,10
2021-02-12,South West,198,3
2021-02-13,East of England,203,4
2021-02-13,London,142,1
2021-02-13,Midlands,436,8
2021-02-13,North East and Yorkshire,1078,49
2021-02-13,North West,903,19
2021-02-13,South East,261,3
2021-02-13,South West,147,1
2021-02-14,East of England,176,3
2021-02-14,London,274,4
2021-02-14,Midlands,384,7
2021-02-14,North East and Yorkshire,1132,28
2021-02-14,North West,928,20
2021-02-14,South East,292,4
2021-02-14,South West,121,4
2021-02-15,East of England,310,4
2021-02-15,London,337,3
2021-02-15,Midlands,807,15
2021-02-15,North East and Yorkshire,1640,38
2021-02-15,North West,1447,31
2021-02-15,South East,452,5
2021-02-15,South West,184,1
2021-02-16,East of England,270,2
2021-02-16,London,290,3
2021-02-16,Midlands,646,18
2021-02-16,North East and Yorkshire,1534,42
2021-02-16,North West,1191,17
2021-02-16,South East,410,6
2021-02-16,South West,188,7
2021-02-17,East of England,280,8
2021-02-17,London,255,10
2021-02-17,Midlands,610,17
2021-02-17,North East and Yorkshire,1438,39
2021-02-17,North West,1110,23
2021-02-17,South East,353,10
2021-02-17,South West,186,7
2021-02-18,East of England,259,3
2021-02-18,London,261,10
2021-02-18,Midlands,611,11
2021-02-18,North East and Yorkshire,1481,27
2021-02-18,North West,1104,22
2021-02-18,South East,353,12
2021-02-18,South West,204,4
2021-02-19,East of England,234,4
2021-02-19,London,231,6
2021-02-19,Midlands,600,18
2021-02-19,North East and Yorkshire,1235,34
2021-02-19,North West,982,11
2021-02-19,South East,305,7
2021-02-19,South West,161,3
2021-02-20,East of England,189,2
2021-02-20,London,225,7
2021-02-20,Midlands,556,10
2021-02-20,North East and Yorkshire,1031,18
2021-02-20,North West,481,16
2021-02-20,South East,304,4
2021-02-20,South West,84,1
2021-02-21,East of England,104,1
2021-02-21,London,86,2
2021-02-21,Midlands,533,8
2021-02-21,North East and Yorkshire,1022,22
2021-02-21,North West,899,8
2021-02-21,South East,195,3
2021-02-21,South West,49,0
2021-02-22,East of England,240,2
2021-02-22,London,212,5
2021-02-22,Midlands,798,9
2021-02-22,North East and Yorkshire,1352,21
2021-02-22,North West,1084,10
2021-02-22,South East,383,8
2021-02-22,South West,127,2
2021-02-23,East of England,212,3
2021-02-23,London,224,0
2021-02-23,Midlands,547,8
2021-02-23,North East and Yorkshire,1181,9
2021-02-23,North West,857,12
2021-02-23,South East,313,7
2021-02-23,South West,86,0
2021-02-24,East of England,210,0
2021-02-24,London,193,2
2021-02-24,Midlands,547,12
2021-02-24,North East and Yorkshire,1158,8
2021-02-24,North West,864,14
2021-02-24,South East,274,4
2021-02-24,South West,97,0
2021-02-25,East of England,210,1
2021-02-25,London,142,5
2021-02-25,Midlands,447,13
2021-02-25,North East and Yorkshire,1080,11
2021-02-25,North West,733,2
2021-02-25,South East,269,2
2021-02-25,South West,50,1
2021-02-26,East of England,188,3
2021-02-26,London,153,5
2021-02-26,Midlands,353,5
2021-02-26,North East and Yorkshire,953,16
2021-02-26,North West,596,4
2021-02-26,South East,231,8
2021-02-26,South West,62,0
2021-02-27,East of England,123,0
2021-02-27,London,134,4
2021-02-27,Midlands,256,1
2021-02-27,North East and Yorkshire,749,3
2021-02-27,North West,489,5
2021-02-27,South East,190,4
2021-02-27,South West,39,0
2021-02-28,East of England,151,2
2021-02-28,London,136,6
2021-02-28,Midlands,221,8
2021-02-28,North East and Yorkshire,652,6
2021-02-28,North West,409,11
2021-02-28,South East,163,2
2021-02-28,South West,32,0
2021-03-01,East of England,176,0
2021-03-01,London,137,6
2021-03-01,Midlands,400,9
2021-03-01,North East and Yorkshire,1015,13
2021-03-01,North West,553,8
2021-03-01,South East,180,5
2021-03-01,South West,87,2
2021-03-02,East of England,171,5
2021-03-02,London,161,2
2021-03-02,Midlands,376,7
2021-03-02,North East and Yorkshire,925,4
2021-03-02,North West,489,6
2021-03-02,South East,226,3
2021-03-02,South West,87,0
2021-03-03,East of England,136,3
2021-03-03,London,124,12
2021-03-03,Midlands,338,6
2021-03-03,North East and Yorkshire,885,13
2021-03-03,North West,509,5
2021-03-03,South East,184,4
2021-03-03,South West,73,0
2021-03-04,East of England,129,4
2021-03-04,London,121,3
2021-03-04,Midlands,320,8
2021-03-04,North East and Yorkshire,770,6
2021-03-04,North West,522,8
2021-03-04,South East,153,2
2021-03-04,South West,56,0
2021-03-05,East of England,135,0
2021-03-05,London,131,4
2021-03-05,Midlands,318,3
2021-03-05,North East and Yorkshire,742,5
2021-03-05,North West,426,5
2021-03-05,South East,140,2
2021-03-05,South West,52,0
2021-03-06,East of England,124,1
2021-03-06,London,142,3
2021-03-06,Midlands,246,5
2021-03-06,North East and Yorkshire,635,3
2021-03-06,North West,406,3
2021-03-06,South East,149,2
2021-03-06,South West,43,1
2021-03-07,East of England,98,0
2021-03-07,London,150,10
2021-03-07,Midlands,224,5
2021-03-07,North East and Yorkshire,545,1
2021-03-07,North West,406,2
2021-03-07,South East,133,3
2021-03-07,South West,31,1
2021-03-08,East of England,140,4
2021-03-08,London,186,6
2021-03-08,Midlands,364,7
2021-03-08,North East and Yorkshire,907,8
2021-03-08,North West,589,4
2021-03-08,South East,199,7
2021-03-08,South West,69,1
2021-03-09,East of England,213,7
2021-03-09,London,203,5
2021-03-09,Midlands,588,3
2021-03-09,North East and Yorkshire,945,2
2021-03-09,North West,582,3
2021-03-09,South East,189,2
2021-03-09,South West,55,1
2021-03-10,East of England,227,1
2021-03-10,London,146,8
2021-03-10,Midlands,658,10
2021-03-10,North East and Yorkshire,901,5
2021-03-10,North West,539,5
2021-03-10,South East,176,2
2021-03-10,South West,35,0
2021-03-11,East of England,180,3
2021-03-11,London,139,6
2021-03-11,Midlands,641,6
2021-03-11,North East and Yorkshire,856,4
2021-03-11,North West,495,3
2021-03-11,South East,175,4
2021-03-11,South West,29,0
2021-03-12,East of England,210,1
2021-03-12,London,167,6
2021-03-12,Midlands,607,5
2021-03-12,North East and Yorkshire,841,6
2021-03-12,North West,511,2
2021-03-12,South East,133,3
2021-03-12,South West,54,0
2021-03-13,East of England,174,2
2021-03-13,London,132,3
2021-03-13,Midlands,424,5
2021-03-13,North East and Yorkshire,720,2
2021-03-13,North West,411,1
2021-03-13,South East,124,1
2021-03-13,South West,22,0
2021-03-14,East of England,168,2
2021-03-14,London,117,4
2021-03-14,Midlands,432,4
2021-03-14,North East and Yorkshire,625,0
2021-03-14,North West,397,8
2021-03-14,South East,97,1
2021-03-14,South West,29,1
2021-03-15,East of England,213,4
2021-03-15,London,187,24
2021-03-15,Midlands,713,6
2021-03-15,North East and Yorkshire,901,2
2021-03-15,North West,535,7
2021-03-15,South East,191,2
2021-03-15,South West,39,2
2021-03-16,East of England,178,2
2021-03-16,London,135,8
2021-03-16,Midlands,648,5
2021-03-16,North East and Yorkshire,851,2
2021-03-16,North West,517,3
2021-03-16,South East,139,1
2021-03-16,South West,34,1
2021-03-17,East of England,218,1
2021-03-17,London,129,7
2021-03-17,Midlands,608,4
2021-03-17,North East and Yorkshire,824,4
2021-03-17,North West,481,3
2021-03-17,South East,152,1
2021-03-17,South West,22,0
2021-03-18,East of England,182,1
2021-03-18,London,132,4
2021-03-18,Midlands,548,2
2021-03-18,North East and Yorkshire,780,2
2021-03-18,North West,482,3
2021-03-18,South East,127,3
2021-03-18,South West,32,0
2021-03-19,East of England,157,1
2021-03-19,London,124,3
2021-03-19,Midlands,490,3
2021-03-19,North East and Yorkshire,819,3
2021-03-19,North West,392,4
2021-03-19,South East,130,1
2021-03-19,South West,21,0
2021-03-20,East of England,135,3
2021-03-20,London,110,9
2021-03-20,Midlands,429,2
2021-03-20,North East and Yorkshire,648,3
2021-03-20,North West,334,2
2021-03-20,South East,121,1
2021-03-20,South West,16,1
2021-03-21,East of England,167,0
2021-03-21,London,131,1
2021-03-21,Midlands,459,3
2021-03-21,North East and Yorkshire,626,2
2021-03-21,North West,388,0
2021-03-21,South East,116,2
2021-03-21,South West,8,0
2021-03-22,East of England,225,4
2021-03-22,London,154,5
2021-03-22,Midlands,615,12
2021-03-22,North East and Yorkshire,995,3
2021-03-22,North West,470,5
2021-03-22,South East,144,3
2021-03-22,South West,24,1
2021-03-23,East of England,128,3
2021-03-23,London,128,4
2021-03-23,Midlands,500,5
2021-03-23,North East and Yorkshire,731,1
2021-03-23,North West,415,7
2021-03-23,South East,103,1
2021-03-23,South West,19,0
2021-03-24,East of England,197,2
2021-03-24,London,124,4
2021-03-24,Midlands,533,2
2021-03-24,North East and Yorkshire,658,1
2021-03-24,North West,419,5
2021-03-24,South East,123,0
2021-03-24,South West,29,0
2021-03-25,East of England,160,1
2021-03-25,London,79,4
2021-03-25,Midlands,493,1
2021-03-25,North East and Yorkshire,660,2
2021-03-25,North West,453,2
2021-03-25,South East,95,0
2021-03-25,South West,23,0
2021-03-26,East of England,131,0
2021-03-26,London,93,2
2021-03-26,Midlands,433,4
2021-03-26,North East and Yorkshire,685,3
2021-03-26,North West,351,2
2021-03-26,South East,71,1
2021-03-26,South West,27,0
2021-03-27,East of England,100,1
2021-03-27,London,48,2
2021-03-27,Midlands,392,4
2021-03-27,North East and Yorkshire,562,2
2021-03-27,North West,272,2
2021-03-27,South East,61,0
2021-03-27,South West,18,0
2021-03-28,East of England,90,0
2021-03-28,London,50,4
2021-03-28,Midlands,305,4
2021-03-28,North East and Yorkshire,521,3
2021-03-28,North West,291,6
2021-03-28,South East,44,1
2021-03-28,South West,10,0
2021-03-29,East of England,104,2
2021-03-29,London,61,4
2021-03-29,Midlands,384,6
2021-03-29,North East and Yorkshire,578,2
2021-03-29,North West,317,2
2021-03-29,South East,61,1
2021-03-29,South West,20,1
2021-03-30,East of England,72,1
2021-03-30,London,37,4
2021-03-30,Midlands,335,2
2021-03-30,North East and Yorkshire,570,1
2021-03-30,North West,271,6
2021-03-30,South East,63,0
2021-03-30,South West,18,1
2021-03-31,East of England,122,1
2021-03-31,London,32,8
2021-03-31,Midlands,396,5
2021-03-31,North East and Yorkshire,535,2
2021-03-31,North West,263,4
2021-03-31,South East,53,4
2021-03-31,South West,16,0
2021-04-01,East of England,122,4
2021-04-01,London,55,6
2021-04-01,Midlands,415,4
2021-04-01,North East and Yorkshire,511,1
2021-04-01,North West,267,0
2021-04-01,South East,41,2
2021-04-01,South West,15,0
2021-04-02,East of England,84,2
2021-04-02,London,36,1
2021-04-02,Midlands,308,3
2021-04-02,North East and Yorkshire,392,4
2021-04-02,North West,198,4
2021-04-02,South East,43,1
2021-04-02,South West,10,0
2021-04-03,East of England,72,3
2021-04-03,London,59,2
2021-04-03,Midlands,278,3
2021-04-03,North East and Yorkshire,387,3
2021-04-03,North West,177,5
2021-04-03,South East,63,5
2021-04-03,South West,23,5
2021-04-04,East of England,65,0
2021-04-04,London,46,5
2021-04-04,Midlands,204,2
2021-04-04,North East and Yorkshire,355,4
2021-04-04,North West,164,6
2021-04-04,South East,55,0
2021-04-04,South West,17,1
2021-04-05,East of England,59,2
2021-04-05,London,50,7
2021-04-05,Midlands,242,6
2021-04-05,North East and Yorkshire,419,1
2021-04-05,North West,221,4
2021-04-05,South East,48,3
2021-04-05,South West,20,1
2021-04-06,East of England,90,2
2021-04-06,London,48,12
2021-04-06,Midlands,249,11
2021-04-06,North East and Yorkshire,421,1
2021-04-06,North West,200,1
2021-04-06,South East,87,11
2021-04-06,South West,17,2
2021-04-07,East of England,51,3
2021-04-07,London,56,3
2021-04-07,Midlands,212,9
2021-04-07,North East and Yorkshire,429,1
2021-04-07,North West,208,7
2021-04-07,South East,73,1
2021-04-07,South West,18,1
2021-04-08,East of England,54,6
2021-04-08,London,36,7
2021-04-08,Midlands,236,2
2021-04-08,North East and Yorkshire,376,2
2021-04-08,North West,223,2
2021-04-08,South East,41,0
2021-04-08,South West,21,0
2021-04-09,East of England,41,5
2021-04-09,London,51,11
2021-04-09,Midlands,173,3
2021-04-09,North East and Yorkshire,348,1
2021-04-09,North West,162,2
2021-04-09,South East,37,6
2021-04-09,South West,13,0
2021-04-10,East of England,31,1
2021-04-10,London,46,12
2021-04-10,Midlands,163,3
2021-04-10,North East and Yorkshire,288,1
2021-04-10,North West,110,8
2021-04-10,South East,58,4
2021-04-10,South West,8,1
2021-04-11,East of England,46,2
2021-04-11,London,33,11
2021-04-11,Midlands,135,4
2021-04-11,North East and Yorkshire,261,0
2021-04-11,North West,122,0
2021-04-11,South East,26,3
2021-04-11,South West,5,1
2021-04-12,East of England,66,2
2021-04-12,London,40,15
2021-04-12,Midlands,188,8
2021-04-12,North East and Yorkshire,362,0
2021-04-12,North West,156,3
2021-04-12,South East,81,1
2021-04-12,South West,11,1
2021-04-13,East of England,44,0
2021-04-13,London,30,1
2021-04-13,Midlands,182,3
2021-04-13,North East and Yorkshire,257,2
2021-04-13,North West,147,2
2021-04-13,South East,34,6
2021-04-13,South West,13,0
2021-04-14,East of England,60,1
2021-04-14,London,40,15
2021-04-14,Midlands,202,10
2021-04-14,North East and Yorkshire,251,3
2021-04-14,North West,142,5
2021-04-14,South East,51,4
2021-04-14,South West,6,0
2021-04-15,East of England,49,2
2021-04-15,London,45,12
2021-04-15,Midlands,171,7
2021-04-15,North East and Yorkshire,234,3
2021-04-15,North West,122,13
2021-04-15,South East,54,12
2021-04-15,South West,5,0
2021-04-16,East of England,41,4
2021-04-16,London,44,12
2021-04-16,Midlands,151,7
2021-04-16,North East and Yorkshire,245,2
2021-04-16,North West,114,5
2021-04-16,South East,38,8
2021-04-16,South West,10,1
2021-04-17,East of England,43,8
2021-04-17,London,17,7
2021-04-17,Midlands,137,9
2021-04-17,North East and Yorkshire,186,4
2021-04-17,North West,81,8
2021-04-17,South East,32,6
2021-04-17,South West,3,1
2021-04-18,East of England,35,1
2021-04-18,London,32,8
2021-04-18,Midlands,131,3
2021-04-18,North East and Yorkshire,200,1
2021-04-18,North West,99,3
2021-04-18,South East,32,2
2021-04-18,South West,5,0
2021-04-19,East of England,53,3
2021-04-19,London,55,16
2021-04-19,Midlands,175,14
2021-04-19,North East and Yorkshire,289,3
2021-04-19,North West,136,8
2021-04-19,South East,55,5
2021-04-19,South West,6,1
2021-04-20,East of England,50,3
2021-04-20,London,30,15
2021-04-20,Midlands,164,15
2021-04-20,North East and Yorkshire,291,3
2021-04-20,North West,130,3
2021-04-20,South East,29,6
2021-04-20,South West,6,2
2021-04-21,East of England,52,3
2021-04-21,London,44,10
2021-04-21,Midlands,154,21
2021-04-21,North East and Yorkshire,278,5
2021-04-21,North West,122,6
2021-04-21,South East,34,3
2021-04-21,South West,6,0
2021-04-22,East of England,30,3
2021-04-22,London,17,9
2021-04-22,Midlands,122,12
2021-04-22,North East and Yorkshire,283,4
2021-04-22,North West,119,12
2021-04-22,South East,19,1
2021-04-22,South West,3,0
2021-04-23,East of England,25,8
2021-04-23,London,14,11
2021-04-23,Midlands,85,22
2021-04-23,North East and Yorkshire,227,2
2021-04-23,North West,100,12
2021-04-23,South East,15,8
2021-04-23,South West,4,2
2021-04-24,East of England,22,6
2021-04-24,London,22,12
2021-04-24,Midlands,68,15
2021-04-24,North East and Yorkshire,157,3
2021-04-24,North West,79,21
2021-04-24,South East,7,8
2021-04-24,South West,1,0
2021-04-25,East of England,25,5
2021-04-25,London,16,9
2021-04-25,Midlands,81,9
2021-04-25,North East and Yorkshire,153,3
2021-04-25,North West,88,16
2021-04-25,South East,14,2
2021-04-25,South West,3,7
2021-04-26,East of England,24,2
2021-04-26,London,14,16
2021-04-26,Midlands,111,9
2021-04-26,North East and Yorkshire,282,6
2021-04-26,North West,169,27
2021-04-26,South East,23,3
2021-04-26,South West,5,3
2021-04-27,East of England,31,8
2021-04-27,London,19,13
2021-04-27,Midlands,129,11
2021-04-27,North East and Yorkshire,232,6
2021-04-27,North West,135,24
2021-04-27,South East,18,8
2021-04-27,South West,4,0
2021-04-28,East of England,38,10
2021-04-28,London,22,16
2021-04-28,Midlands,109,15
2021-04-28,North East and Yorkshire,121,5
2021-04-28,North West,149,33
2021-04-28,South East,19,6
2021-04-28,South West,0,3
2021-04-29,East of England,41,10
2021-04-29,London,12,6
2021-04-29,Midlands,109,18
2021-04-29,North East and Yorkshire,69,1
2021-04-29,North West,133,23
2021-04-29,South East,19,2
2021-04-29,South West,2,0
2021-04-30,East of England,35,10
2021-04-30,London,15,17
2021-04-30,Midlands,92,18
2021-04-30,North East and Yorkshire,61,3
2021-04-30,North West,85,44
2021-04-30,South East,19,2
2021-04-30,South West,5,1
2021-05-01,East of England,30,5
2021-05-01,London,13,19
2021-05-01,Midlands,63,9
2021-05-01,North East and Yorkshire,58,3
2021-05-01,North West,66,48
2021-05-01,South East,17,4
2021-05-01,South West,2,0
2021-05-02,East of England,21,14
2021-05-02,London,11,23
2021-05-02,Midlands,73,19
2021-05-02,North East and Yorkshire,22,8
2021-05-02,North West,61,43
2021-05-02,South East,18,6
2021-05-02,South West,0,0
2021-05-03,East of England,32,16
2021-05-03,London,21,17
2021-05-03,Midlands,130,17
2021-05-03,North East and Yorkshire,43,6
2021-05-03,North West,80,59
2021-05-03,South East,19,8
2021-05-03,South West,0,5
2021-05-04,East of England,53,17
2021-05-04,London,13,18
2021-05-04,Midlands,144,28
2021-05-04,North East and Yorkshire,61,7
2021-05-04,North West,147,84
2021-05-04,South East,18,8
2021-05-04,South West,1,2
2021-05-05,East of England,43,20
2021-05-05,London,16,16
2021-05-05,Midlands,141,35
2021-05-05,North East and Yorkshire,73,1
2021-05-05,North West,125,130
2021-05-05,South East,14,9
2021-05-05,South West,2,2
2021-05-06,East of England,34,20
2021-05-06,London,26,25
2021-05-06,Midlands,158,41
2021-05-06,North East and Yorkshire,31,5
2021-05-06,North West,108,103
2021-05-06,South East,32,9
2021-05-06,South West,1,3
2021-05-07,East of England,30,21
2021-05-07,London,15,24
2021-05-07,Midlands,122,28
2021-05-07,North East and Yorkshire,28,5
2021-05-07,North West,83,97
2021-05-07,South East,21,6
2021-05-07,South West,0,0
2021-05-08,East of England,0,0
2021-05-08,London,0,0
2021-05-08,Midlands,5,2
2021-05-08,North East and Yorkshire,1,0
2021-05-08,North West,2,4
2021-05-08,South East,2,0
2021-05-08,South West,0,0
2021-05-09,East of England,0,0
2021-05-09,London,0,0
2021-05-09,Midlands,0,0
2021-05-09,North East and Yorkshire,0,0
2021-05-09,North West,0,0
2021-05-09,South East,0,0
2021-05-09,South West,0,0
